Name,Quantity,Type of Equipment/Resources,Date Requested,Date Arrival,,Name,Average
4x8 Gauze Pad,100,Medical Equipment,2022-01-04,2022-01-10,,4x8 Gauze Pad,62
4x8 Gauze Pad,130,Medical Equipment,2022-01-03,2022-01-10,,BVM Resuscitator Adult,87
4x8 Gauze Pad,150,Medical Equipment,2022-01-07,2022-01-11,,BVM Resuscitator Infant,71
4x8 Gauze Pad,55,Medical Equipment,2022-01-07,2022-01-12,,BVM Resuscitator Pedia,78
4x8 Gauze Pad,130,Medical Equipment,2022-02-07,2022-02-14,,Betadine,68
4x8 Gauze Pad,40,Medical Equipment,2022-02-28,2022-03-04,,Cotton Balls,103
4x8 Gauze Pad,120,Medical Equipment,2022-03-08,2022-03-14,,Disposable PPE,81
4x8 Gauze Pad,105,Medical Equipment,2022-04-12,2022-04-18,,Elatic Bandage,62
4x8 Gauze Pad,120,Medical Equipment,2022-04-05,2022-04-08,,Face Shield,51
4x8 Gauze Pad,100,Medical Equipment,2022-05-09,2022-05-16,,Gauze Pad,60
4x8 Gauze Pad,65,Medical Equipment,2022-05-05,2022-05-10,,Gloves,62
4x8 Gauze Pad,120,Medical Equipment,2022-06-22,2022-06-27,,Goggles,18
4x8 Gauze Pad,120,Medical Equipment,2022-06-21,2022-06-24,,Hot & Cold Packs,19
4x8 Gauze Pad,70,Medical Equipment,2022-06-30,2022-07-04,,Isoprophyl Alcohol,74
4x8 Gauze Pad,110,Medical Equipment,2022-07-19,2022-07-25,,KN95 Mask,70
4x8 Gauze Pad,85,Medical Equipment,2022-07-18,2022-07-25,,KernMantle Rope - Black,20
4x8 Gauze Pad,25,Medical Equipment,2022-08-10,2022-08-15,,KernMantle Rope - Red,21
4x8 Gauze Pad,135,Medical Equipment,2022-08-15,2022-08-22,,KernMantle Rope - Yellow,20
4x8 Gauze Pad,10,Medical Equipment,2022-09-06,2022-09-12,,Oxygen (Nasal & Simple Mask) - Adult,74
4x8 Gauze Pad,45,Medical Equipment,2022-10-25,2022-11-03,,Oxygen (Nasal & Simple Mask) - Pedia,70
4x8 Gauze Pad,20,Medical Equipment,2022-11-09,2022-11-15,,Oxygen Tank,8
4x8 Gauze Pad,80,Medical Equipment,2023-01-12,2023-01-17,,Rappelling Gloves,19
4x8 Gauze Pad,80,Medical Equipment,2023-01-06,2023-01-13,,Rope Nylon,19
4x8 Gauze Pad,55,Medical Equipment,2023-02-07,2023-02-14,,Simple Mask (E),66
4x8 Gauze Pad,20,Medical Equipment,2023-02-01,2023-02-06,,Steel Carabiner,25
4x8 Gauze Pad,55,Medical Equipment,2023-02-20,2023-02-27,,Transportetape,22
4x8 Gauze Pad,80,Medical Equipment,2023-03-29,2023-04-03,,Triangular Bandage,35
4x8 Gauze Pad,55,Medical Equipment,2023-03-29,2023-04-05,,Utility Gloves,34
4x8 Gauze Pad,50,Medical Equipment,2023-03-15,2023-03-20,,Utility or Water Rope,20
4x8 Gauze Pad,105,Medical Equipment,2023-04-20,2023-04-26,,,
4x8 Gauze Pad,65,Medical Equipment,2023-04-21,2023-04-25,,,
4x8 Gauze Pad,100,Medical Equipment,2023-04-24,2023-05-02,,,
4x8 Gauze Pad,145,Medical Equipment,2023-05-16,2023-05-22,,,
4x8 Gauze Pad,135,Medical Equipment,2023-06-05,2023-06-08,,,
4x8 Gauze Pad,23,Medical Equipment,2023-08-01,2023-08-07,,,
4x8 Gauze Pad,27,Medical Equipment,2023-09-01,2023-09-07,,,
4x8 Gauze Pad,24,Medical Equipment,2023-10-02,2023-10-09,,,
4x8 Gauze Pad,35,Medical Equipment,2023-10-26,2023-10-31,,,
4x8 Gauze Pad,40,Medical Equipment,2023-11-28,2023-12-04,,,
4x8 Gauze Pad,40,Medical Equipment,2023-12-29,2024-01-02,,,
4x8 Gauze Pad,30,Medical Equipment,2024-01-03,2024-01-08,,,
4x8 Gauze Pad,15,Medical Equipment,2024-02-01,2024-02-05,,,
4x8 Gauze Pad,30,Medical Equipment,2024-02-16,2024-02-21,,,
4x8 Gauze Pad,45,Medical Equipment,2024-03-27,2024-04-02,,,
4x8 Gauze Pad,20,Medical Equipment,2024-04-18,2024-04-25,,,
4x8 Gauze Pad,25,Medical Equipment,2024-04-26,2024-04-30,,,
4x8 Gauze Pad,25,Medical Equipment,2024-05-29,2024-06-04,,,
4x8 Gauze Pad,20,Medical Equipment,2024-06-28,2024-07-05,,,
4x8 Gauze Pad,35,Medical Equipment,2024-07-29,2024-08-05,,,
4x8 Gauze Pad,30,Medical Equipment,2024-08-13,2024-08-19,,,
4x8 Gauze Pad,35,Medical Equipment,2024-08-29,2024-09-02,,,
4x8 Gauze Pad,20,Medical Equipment,2024-09-04,2024-09-09,,,
4x8 Gauze Pad,25,Medical Equipment,2024-09-27,2024-10-02,,,
4x8 Gauze Pad,30,Medical Equipment,2024-10-01,2024-10-07,,,
4x8 Gauze Pad,25,Medical Equipment,2024-11-19,2024-11-26,,,
4x8 Gauze Pad,25,Medical Equipment,2024-12-02,2024-12-09,,,
4x8 Gauze Pad,20,Medical Equipment,2024-12-20,2024-12-26,,,
BVM Resuscitator Pedia,55,Medical Equipment,3/23/2022,3/30/2022,,,
BVM Resuscitator Adult,85,Medical Equipment,3/23/2022,3/30/2022,,,
BVM Resuscitator Infant,35,Medical Equipment,3/23/2022,3/30/2022,,,
BVM Resuscitator Pedia,60,Medical Equipment,4/10/2022,4/17/2022,,,
BVM Resuscitator Adult,95,Medical Equipment,4/10/2022,4/17/2022,,,
BVM Resuscitator Infant,45,Medical Equipment,4/10/2022,4/17/2022,,,
BVM Resuscitator Pedia,55,Medical Equipment,5/12/2022,5/19/2022,,,
BVM Resuscitator Adult,85,Medical Equipment,5/12/2022,5/19/2022,,,
BVM Resuscitator Infant,35,Medical Equipment,5/12/2022,5/19/2022,,,
BVM Resuscitator Pedia,55,Medical Equipment,5/27/2022,6/3/2022,,,
BVM Resuscitator Adult,85,Medical Equipment,5/27/2022,6/3/2022,,,
BVM Resuscitator Infant,35,Medical Equipment,5/27/2022,6/3/2022,,,
BVM Resuscitator Pedia,75,Medical Equipment,11/23/2022,11/28/2022,,,
BVM Resuscitator Adult,145,Medical Equipment,11/23/2022,11/28/2022,,,
BVM Resuscitator Infant,145,Medical Equipment,11/23/2022,11/28/2022,,,
BVM Resuscitator Pedia,100,Medical Equipment,3/15/2023,3/22/2023,,,
BVM Resuscitator Adult,70,Medical Equipment,3/15/2023,3/22/2023,,,
BVM Resuscitator Infant,130,Medical Equipment,3/15/2023,3/22/2023,,,
BVM Resuscitator Pedia,100,Medical Equipment,3/29/2023,4/3/2023,,,
BVM Resuscitator Adult,70,Medical Equipment,3/29/2023,4/3/2023,,,
BVM Resuscitator Infant,130,Medical Equipment,3/29/2023,4/3/2023,,,
BVM Resuscitator Pedia,120,Medical Equipment,4/14/2023,4/20/2023,,,
BVM Resuscitator Adult,95,Medical Equipment,4/14/2023,4/20/2023,,,
BVM Resuscitator Infant,80,Medical Equipment,4/14/2023,4/20/2023,,,
BVM Resuscitator Pedia,130,Medical Equipment,5/2/2023,5/8/2023,,,
BVM Resuscitator Adult,115,Medical Equipment,5/2/2023,5/8/2023,,,
BVM Resuscitator Infant,90,Medical Equipment,5/2/2023,5/8/2023,,,
BVM Resuscitator Pedia,145,Medical Equipment,6/22/2023,6/28/2023,,,
BVM Resuscitator Adult,45,Medical Equipment,6/22/2023,6/28/2023,,,
BVM Resuscitator Infant,120,Medical Equipment,6/22/2023,6/28/2023,,,
BVM Resuscitator Adult,100,Medical Equipment,7/5/2023,7/10/2023,,,
BVM Resuscitator Infant,50,Medical Equipment,7/5/2023,7/10/2023,,,
BVM Resuscitator Pedia,50,Medical Equipment,7/5/2023,7/10/2023,,,
BVM Resuscitator Adult,45,Medical Equipment,11/6/2023,11/10/2023,,,
BVM Resuscitator Infant,50,Medical Equipment,11/6/2023,11/10/2023,,,
BVM Resuscitator Pedia,40,Medical Equipment,11/6/2023,11/10/2023,,,
BVM Resuscitator Pedia,75,Medical Equipment,3/11/2024,3/17/2024,,,
BVM Resuscitator Adult,90,Medical Equipment,3/11/2024,3/17/2024,,,
BVM Resuscitator Infant,55,Medical Equipment,3/11/2024,3/17/2024,,,
BVM Resuscitator Pedia,85,Medical Equipment,3/25/2024,3/31/2024,,,
BVM Resuscitator Adult,100,Medical Equipment,3/25/2024,3/31/2024,,,
BVM Resuscitator Infant,65,Medical Equipment,3/25/2024,3/31/2024,,,
BVM Resuscitator Pedia,90,Medical Equipment,4/10/2024,4/16/2024,,,
BVM Resuscitator Adult,110,Medical Equipment,4/10/2024,4/16/2024,,,
BVM Resuscitator Infant,60,Medical Equipment,4/10/2024,4/16/2024,,,
BVM Resuscitator Pedia,95,Medical Equipment,4/25/2024,4/30/2024,,,
BVM Resuscitator Adult,120,Medical Equipment,4/25/2024,4/30/2024,,,
BVM Resuscitator Infant,75,Medical Equipment,4/25/2024,4/30/2024,,,
BVM Resuscitator Adult,60,Medical Equipment,5/6/2024,5/10/2024,,,
BVM Resuscitator Infant,50,Medical Equipment,5/6/2024,5/10/2024,,,
BVM Resuscitator Pedia,45,Medical Equipment,5/6/2024,5/10/2024,,,
BVM Resuscitator Adult,70,Medical Equipment,5/20/2024,5/26/2024,,,
BVM Resuscitator Infant,55,Medical Equipment,5/20/2024,5/26/2024,,,
BVM Resuscitator Pedia,50,Medical Equipment,5/20/2024,5/26/2024,,,
BVM Resuscitator Adult,70,Medical Equipment,11/5/2024,11/11/2024,,,
BVM Resuscitator Infant,50,Medical Equipment,11/5/2024,11/11/2024,,,
BVM Resuscitator Pedia,50,Medical Equipment,11/5/2024,11/11/2024,,,
Cotton Balls,135,Medical Equipment,1/3/2022,1/10/2022,,,
Cotton Balls,140,Medical Equipment,2/7/2022,2/14/2022,,,
Cotton Balls,120,Medical Equipment,3/1/2022,3/7/2022,,,
Cotton Balls,125,Medical Equipment,3/15/2022,3/21/2022,,,
Cotton Balls,130,Medical Equipment,4/5/2022,4/12/2022,,,
Cotton Balls,145,Medical Equipment,4/20/2022,4/26/2022,,,
Cotton Balls,110,Medical Equipment,5/3/2022,5/10/2022,,,
Cotton Balls,125,Medical Equipment,5/18/2022,5/24/2022,,,
Cotton Balls,95,Medical Equipment,6/7/2022,6/14/2022,,,
Cotton Balls,25,Medical Equipment,7/12/2022,7/15/2022,,,
Cotton Balls,80,Medical Equipment,8/9/2022,8/16/2022,,,
Cotton Balls,115,Medical Equipment,9/6/2022,9/13/2022,,,
Cotton Balls,100,Medical Equipment,10/11/2022,10/18/2022,,,
Cotton Balls,135,Medical Equipment,11/9/2022,11/15/2022,,,
Cotton Balls,120,Medical Equipment,12/5/2022,12/10/2022,,,
Cotton Balls,105,Medical Equipment,1/10/2023,1/17/2023,,,
Cotton Balls,95,Medical Equipment,2/7/2023,2/14/2023,,,
Cotton Balls,110,Medical Equipment,3/5/2023,3/12/2023,,,
Cotton Balls,125,Medical Equipment,3/20/2023,3/27/2023,,,
Cotton Balls,130,Medical Equipment,4/4/2023,4/11/2023,,,
Cotton Balls,145,Medical Equipment,4/18/2023,4/25/2023,,,
Cotton Balls,155,Medical Equipment,5/2/2023,5/8/2023,,,
Cotton Balls,140,Medical Equipment,5/15/2023,5/22/2023,,,
Cotton Balls,90,Medical Equipment,6/6/2023,6/13/2023,,,
Cotton Balls,60,Medical Equipment,7/3/2023,7/10/2023,,,
Cotton Balls,70,Medical Equipment,7/31/2023,8/3/2023,,,
Cotton Balls,104,Medical Equipment,9/1/2023,9/7/2023,,,
Cotton Balls,80,Medical Equipment,10/3/2023,10/7/2023,,,
Cotton Balls,95,Medical Equipment,11/6/2023,11/10/2023,,,
Cotton Balls,100,Medical Equipment,12/19/2023,12/26/2023,,,
Cotton Balls,60,Medical Equipment,1/2/2024,1/9/2024,,,
Cotton Balls,85,Medical Equipment,2/5/2024,2/12/2024,,,
Cotton Balls,95,Medical Equipment,3/5/2024,3/11/2024,,,
Cotton Balls,100,Medical Equipment,3/18/2024,3/25/2024,,,
Cotton Balls,115,Medical Equipment,4/8/2024,4/12/2024,,,
Cotton Balls,120,Medical Equipment,4/22/2024,4/29/2024,,,
Cotton Balls,140,Medical Equipment,5/6/2024,5/9/2024,,,
Cotton Balls,135,Medical Equipment,5/20/2024,5/26/2024,,,
Cotton Balls,40,Medical Equipment,6/4/2024,6/11/2024,,,
Cotton Balls,80,Medical Equipment,7/16/2024,7/22/2024,,,
Cotton Balls,60,Medical Equipment,8/14/2024,8/19/2024,,,
Cotton Balls,70,Medical Equipment,9/10/2024,9/15/2024,,,
Cotton Balls,82,Medical Equipment,10/7/2024,10/12/2024,,,
Cotton Balls,86,Medical Equipment,11/5/2024,11/11/2024,,,
Cotton Balls,65,Medical Equipment,12/9/2024,12/13/2024,,,
Cotton Balls,90,Medical Equipment,12/20/2024,12/27/2024,,,
Disposable PPE,145,Medical Equipment,1/4/2022,1/10/2022,,,
Disposable PPE,80,Medical Equipment,1/3/2022,1/10/2022,,,
Disposable PPE,50,Medical Equipment,1/7/2022,1/11/2022,,,
Disposable PPE,120,Medical Equipment,1/17/2022,1/24/2022,,,
Disposable PPE,130,Medical Equipment,1/25/2022,1/31/2022,,,
Disposable PPE,80,Medical Equipment,2/1/2022,2/7/2022,,,
Disposable PPE,50,Medical Equipment,2/7/2022,2/14/2022,,,
Disposable PPE,65,Medical Equipment,2/17/2022,2/23/2022,,,
Disposable PPE,95,Medical Equipment,2/28/2022,3/4/2022,,,
Disposable PPE,90,Medical Equipment,3/8/2022,3/14/2022,,,
Disposable PPE,85,Medical Equipment,3/15/2022,3/22/2022,,,
Disposable PPE,95,Medical Equipment,3/23/2022,3/30/2022,,,
Disposable PPE,40,Medical Equipment,3/25/2022,4/1/2022,,,
Disposable PPE,110,Medical Equipment,4/5/2022,4/11/2022,,,
Disposable PPE,115,Medical Equipment,4/18/2022,4/24/2022,,,
Disposable PPE,135,Medical Equipment,5/5/2022,5/10/2022,,,
Disposable PPE,145,Medical Equipment,5/15/2022,5/20/2022,,,
Disposable PPE,115,Medical Equipment,5/25/2022,5/30/2022,,,
Disposable PPE,130,Medical Equipment,6/5/2022,6/11/2022,,,
Disposable PPE,120,Medical Equipment,6/20/2022,6/25/2022,,,
Disposable PPE,70,Medical Equipment,7/19/2022,7/25/2022,,,
Disposable PPE,85,Medical Equipment,7/18/2022,7/25/2022,,,
Disposable PPE,65,Medical Equipment,8/5/2022,8/11/2022,,,
Disposable PPE,10,Medical Equipment,8/31/2022,9/5/2022,,,
Disposable PPE,60,Medical Equipment,9/8/2022,9/12/2022,,,
Disposable PPE,105,Medical Equipment,9/6/2022,9/12/2022,,,
Disposable PPE,115,Medical Equipment,9/20/2022,9/26/2022,,,
Disposable PPE,100,Medical Equipment,10/5/2022,10/11/2022,,,
Disposable PPE,110,Medical Equipment,10/25/2022,11/3/2022,,,
Disposable PPE,140,Medical Equipment,11/9/2022,11/15/2022,,,
Disposable PPE,105,Medical Equipment,11/9/2022,11/14/2022,,,
Disposable PPE,130,Medical Equipment,11/25/2022,12/1/2022,,,
Disposable PPE,125,Medical Equipment,12/10/2022,12/16/2022,,,
Disposable PPE,135,Medical Equipment,12/21/2022,12/26/2022,,,
Disposable PPE,145,Medical Equipment,12/27/2022,1/2/2023,,,
Disposable PPE,35,Medical Equipment,1/12/2023,1/17/2023,,,
Disposable PPE,70,Medical Equipment,2/1/2023,2/6/2023,,,
Disposable PPE,45,Medical Equipment,2/7/2023,2/14/2023,,,
Disposable PPE,50,Medical Equipment,2/20/2023,2/27/2023,,,
Disposable PPE,15,Medical Equipment,3/29/2023,4/5/2023,,,
Disposable PPE,135,Medical Equipment,4/20/2023,4/26/2023,,,
Disposable PPE,30,Medical Equipment,5/16/2023,5/22/2023,,,
Disposable PPE,150,Medical Equipment,5/23/2023,5/26/2023,,,
Disposable PPE,8,Medical Equipment,7/31/2023,8/3/2023,,,
Disposable PPE,20,Medical Equipment,8/31/2023,9/4/2023,,,
Disposable PPE,15,Medical Equipment,9/29/2023,10/4/2023,,,
Disposable PPE,10,Medical Equipment,10/3/2023,10/6/2023,,,
Disposable PPE,10,Medical Equipment,10/26/2023,10/31/2023,,,
Disposable PPE,12,Medical Equipment,11/7/2023,11/10/2023,,,
Disposable PPE,15,Medical Equipment,11/28/2023,12/4/2023,,,
Disposable PPE,15,Medical Equipment,12/4/2023,12/7/2023,,,
Elatic Bandage,85,Medical Equipment,1/4/2022,1/10/2022,,,
Elatic Bandage,50,Medical Equipment,1/7/2022,1/11/2022,,,
Elatic Bandage,140,Medical Equipment,1/7/2022,1/12/2022,,,
Elatic Bandage,105,Medical Equipment,2/7/2022,2/14/2022,,,
Elatic Bandage,30,Medical Equipment,2/17/2022,2/23/2022,,,
Elatic Bandage,45,Medical Equipment,3/23/2022,3/30/2022,,,
Elatic Bandage,85,Medical Equipment,3/25/2022,4/1/2022,,,
Elatic Bandage,150,Medical Equipment,4/12/2022,4/18/2022,,,
Elatic Bandage,75,Medical Equipment,4/5/2022,4/8/2022,,,
Elatic Bandage,115,Medical Equipment,4/19/2022,4/25/2022,,,
Elatic Bandage,25,Medical Equipment,5/5/2022,5/10/2022,,,
Elatic Bandage,95,Medical Equipment,6/22/2022,6/27/2022,,,
Elatic Bandage,35,Medical Equipment,6/21/2022,6/24/2022,,,
Elatic Bandage,120,Medical Equipment,6/30/2022,7/4/2022,,,
Elatic Bandage,55,Medical Equipment,7/18/2022,7/25/2022,,,
Elatic Bandage,15,Medical Equipment,8/10/2022,8/15/2022,,,
Elatic Bandage,90,Medical Equipment,8/15/2022,8/22/2022,,,
Elatic Bandage,125,Medical Equipment,8/31/2022,9/5/2022,,,
Elatic Bandage,105,Medical Equipment,9/22/2022,9/26/2022,,,
Elatic Bandage,135,Medical Equipment,9/8/2022,9/12/2022,,,
Elatic Bandage,80,Medical Equipment,9/6/2022,9/12/2022,,,
Elatic Bandage,10,Medical Equipment,10/25/2022,11/3/2022,,,
Elatic Bandage,115,Medical Equipment,11/23/2022,11/28/2022,,,
Elatic Bandage,85,Medical Equipment,11/9/2022,11/15/2022,,,
Elatic Bandage,60,Medical Equipment,11/9/2022,11/14/2022,,,
Elatic Bandage,35,Medical Equipment,12/21/2022,12/26/2022,,,
Elatic Bandage,105,Medical Equipment,1/12/2023,1/17/2023,,,
Elatic Bandage,105,Medical Equipment,2/7/2023,2/14/2023,,,
Elatic Bandage,65,Medical Equipment,3/29/2023,4/3/2023,,,
Elatic Bandage,30,Medical Equipment,3/29/2023,4/5/2023,,,
Elatic Bandage,35,Medical Equipment,3/15/2023,3/20/2023,,,
Elatic Bandage,115,Medical Equipment,4/20/2023,4/26/2023,,,
Elatic Bandage,150,Medical Equipment,4/24/2023,5/2/2023,,,
Elatic Bandage,5,Medical Equipment,5/16/2023,5/22/2023,,,
Elatic Bandage,110,Medical Equipment,5/23/2023,5/26/2023,,,
Elatic Bandage,135,Medical Equipment,6/5/2023,6/8/2023,,,
Elatic Bandage,21,Medical Equipment,7/31/2023,8/3/2023,,,
Elatic Bandage,32,Medical Equipment,8/14/2023,8/22/2023,,,
Elatic Bandage,38,Medical Equipment,9/18/2023,9/21/2023,,,
Elatic Bandage,16,Medical Equipment,10/18/2023,10/25/2023,,,
Elatic Bandage,25,Medical Equipment,11/7/2023,11/10/2023,,,
Elatic Bandage,23,Medical Equipment,11/28/2023,12/4/2023,,,
Elatic Bandage,23,Medical Equipment,12/29/2023,1/2/2024,,,
Elatic Bandage,15,Medical Equipment,2/1/2024,2/5/2024,,,
Elatic Bandage,25,Medical Equipment,3/1/2024,3/7/2024,,,
Elatic Bandage,25,Medical Equipment,4/18/2024,4/25/2024,,,
Elatic Bandage,24,Medical Equipment,5/20/2024,5/27/2024,,,
Elatic Bandage,25,Medical Equipment,6/20/2024,6/24/2024,,,
Elatic Bandage,15,Medical Equipment,7/16/2024,7/22/2024,,,
Elatic Bandage,15,Medical Equipment,8/14/2024,8/19/2024,,,
Elatic Bandage,20,Medical Equipment,9/13/2024,9/19/2024,,,
Elatic Bandage,20,Medical Equipment,10/31/2024,11/5/2024,,,
Elatic Bandage,20,Medical Equipment,11/4/2024,11/11/2024,,,
Elatic Bandage,15,Medical Equipment,11/19/2024,11/26/2024,,,
Elatic Bandage,20,Medical Equipment,12/2/2024,12/9/2024,,,
Elatic Bandage,60,Medical Equipment,3/10/2022,3/16/2022,,,
Elatic Bandage,70,Medical Equipment,3/18/2022,3/24/2022,,,
Elatic Bandage,55,Medical Equipment,4/6/2022,4/11/2022,,,
Elatic Bandage,50,Medical Equipment,4/28/2022,5/3/2022,,,
Elatic Bandage,65,Medical Equipment,5/10/2022,5/15/2022,,,
Elatic Bandage,75,Medical Equipment,5/20/2022,5/27/2022,,,
Elatic Bandage,90,Medical Equipment,3/12/2023,3/18/2023,,,
Elatic Bandage,55,Medical Equipment,4/10/2023,4/15/2023,,,
Elatic Bandage,65,Medical Equipment,5/6/2023,5/12/2023,,,
Elatic Bandage,85,Medical Equipment,5/18/2023,5/25/2023,,,
Elatic Bandage,60,Medical Equipment,3/8/2024,3/13/2024,,,
Elatic Bandage,75,Medical Equipment,3/20/2024,3/26/2024,,,
Elatic Bandage,55,Medical Equipment,4/2/2024,4/8/2024,,,
Oxygen Tank,10,Medical Equipment,7/5/2023,7/10/2023,,,
Oxygen Tank,4,Medical Equipment,9/18/2023,9/21/2023,,,
Oxygen Tank,10,Medical Equipment,12/5/2023,12/11/2023,,,
Oxygen Tank,10,Medical Equipment,3/5/2024,3/11/2024,,,
Oxygen Tank,10,Medical Equipment,7/1/2024,7/8/2024,,,
Oxygen Tank,10,Medical Equipment,9/5/2024,9/10/2024,,,
Oxygen Tank,7,Medical Equipment,1/5/2022,1/10/2022,,,
Oxygen Tank,6,Medical Equipment,2/10/2022,2/15/2022,,,
Oxygen Tank,8,Medical Equipment,3/3/2022,3/9/2022,,,
Oxygen Tank,9,Medical Equipment,3/15/2022,3/21/2022,,,
Oxygen Tank,7,Medical Equipment,3/27/2022,4/2/2022,,,
Oxygen Tank,8,Medical Equipment,4/4/2022,4/10/2022,,,
Oxygen Tank,9,Medical Equipment,4/15/2022,4/21/2022,,,
Oxygen Tank,6,Medical Equipment,5/5/2022,5/10/2022,,,
Oxygen Tank,8,Medical Equipment,5/14/2022,5/20/2022,,,
Oxygen Tank,7,Medical Equipment,5/25/2022,5/31/2022,,,
Oxygen Tank,5,Medical Equipment,6/9/2022,6/14/2022,,,
Oxygen Tank,8,Medical Equipment,7/18/2022,7/23/2022,,,
Oxygen Tank,6,Medical Equipment,8/10/2022,8/15/2022,,,
Oxygen Tank,5,Medical Equipment,9/12/2022,9/18/2022,,,
Oxygen Tank,9,Medical Equipment,10/2/2022,10/8/2022,,,
Oxygen Tank,8,Medical Equipment,11/10/2022,11/15/2022,,,
Oxygen Tank,7,Medical Equipment,12/18/2022,12/24/2022,,,
Oxygen Tank,6,Medical Equipment,1/10/2023,1/15/2023,,,
Oxygen Tank,8,Medical Equipment,2/5/2023,2/11/2023,,,
Oxygen Tank,9,Medical Equipment,3/5/2023,3/12/2023,,,
Oxygen Tank,8,Medical Equipment,3/16/2023,3/23/2023,,,
Oxygen Tank,9,Medical Equipment,4/1/2023,4/6/2023,,,
Oxygen Tank,7,Medical Equipment,4/12/2023,4/18/2023,,,
Oxygen Tank,6,Medical Equipment,4/25/2023,5/1/2023,,,
Oxygen Tank,8,Medical Equipment,5/3/2023,5/8/2023,,,
Oxygen Tank,9,Medical Equipment,5/14/2023,5/19/2023,,,
Oxygen Tank,8,Medical Equipment,5/24/2023,5/29/2023,,,
Oxygen Tank,7,Medical Equipment,6/4/2023,6/10/2023,,,
Oxygen Tank,6,Medical Equipment,7/18/2023,7/24/2023,,,
Oxygen Tank,9,Medical Equipment,8/3/2023,8/9/2023,,,
Oxygen Tank,7,Medical Equipment,9/10/2023,9/15/2023,,,
Oxygen Tank,8,Medical Equipment,10/5/2023,10/10/2023,,,
Oxygen Tank,9,Medical Equipment,11/1/2023,11/6/2023,,,
Oxygen Tank,6,Medical Equipment,12/20/2023,12/27/2023,,,
Oxygen Tank,9,Medical Equipment,3/14/2024,3/19/2024,,,
Oxygen Tank,8,Medical Equipment,3/23/2024,3/29/2024,,,
Oxygen Tank,9,Medical Equipment,4/5/2024,4/11/2024,,,
Oxygen Tank,8,Medical Equipment,4/17/2024,4/23/2024,,,
Oxygen Tank,9,Medical Equipment,5/1/2024,5/7/2024,,,
Oxygen Tank,7,Medical Equipment,5/10/2024,5/16/2024,,,
Oxygen Tank,6,Medical Equipment,5/20/2024,5/25/2024,,,
Oxygen Tank,9,Medical Equipment,6/4/2024,6/9/2024,,,
Oxygen Tank,7,Medical Equipment,7/14/2024,7/19/2024,,,
Oxygen Tank,8,Medical Equipment,8/8/2024,8/13/2024,,,
Oxygen Tank,6,Medical Equipment,10/10/2024,10/15/2024,,,
Oxygen Tank,9,Medical Equipment,11/4/2024,11/10/2024,,,
Oxygen Tank,7,Medical Equipment,12/5/2024,12/10/2024,,,
Oxygen Tank,8,Medical Equipment,12/18/2024,12/23/2024,,,
Rappelling Gloves,20,Logistic Equipment,1/7/2022,1/11/2022,,,
Rappelling Gloves,25,Logistic Equipment,2/2/2022,2/7/2022,,,
Rappelling Gloves,15,Logistic Equipment,3/9/2022,3/14/2022,,,
Rappelling Gloves,10,Logistic Equipment,4/18/2022,4/23/2022,,,
Rappelling Gloves,30,Logistic Equipment,5/6/2022,5/10/2022,,,
Rappelling Gloves,25,Logistic Equipment,5/25/2022,5/30/2022,,,
Rappelling Gloves,15,Logistic Equipment,6/21/2022,6/24/2022,,,
Rappelling Gloves,20,Logistic Equipment,6/27/2022,7/2/2022,,,
Rappelling Gloves,10,Logistic Equipment,7/12/2022,7/15/2022,,,
Rappelling Gloves,30,Logistic Equipment,7/19/2022,7/25/2022,,,
Rappelling Gloves,15,Logistic Equipment,8/10/2022,8/15/2022,,,
Rappelling Gloves,20,Logistic Equipment,9/6/2022,9/12/2022,,,
Rappelling Gloves,30,Logistic Equipment,10/25/2022,10/30/2022,,,
Rappelling Gloves,15,Logistic Equipment,12/21/2022,12/26/2022,,,
Rappelling Gloves,10,Logistic Equipment,1/6/2023,1/13/2023,,,
Rappelling Gloves,25,Logistic Equipment,2/3/2023,2/9/2023,,,
Rappelling Gloves,30,Logistic Equipment,3/29/2023,4/5/2023,,,
Rappelling Gloves,10,Logistic Equipment,4/21/2023,4/25/2023,,,
Rappelling Gloves,15,Logistic Equipment,5/23/2023,5/26/2023,,,
Rappelling Gloves,20,Logistic Equipment,6/18/2023,6/24/2023,,,
Rappelling Gloves,30,Logistic Equipment,7/9/2023,7/14/2023,,,
Rappelling Gloves,10,Logistic Equipment,8/25/2023,8/30/2023,,,
Rappelling Gloves,15,Logistic Equipment,9/12/2023,9/17/2023,,,
Rappelling Gloves,25,Logistic Equipment,10/4/2023,10/9/2023,,,
Rappelling Gloves,30,Logistic Equipment,11/18/2023,11/22/2023,,,
Rappelling Gloves,20,Logistic Equipment,12/11/2023,12/16/2023,,,
Rappelling Gloves,10,Logistic Equipment,3/1/2024,3/7/2024,,,
Rappelling Gloves,20,Logistic Equipment,8/29/2024,9/1/2024,,,
Rappelling Gloves,15,Logistic Equipment,9/18/2024,9/24/2024,,,
Rappelling Gloves,25,Logistic Equipment,11/4/2024,11/11/2024,,,
Rappelling Gloves,10,Logistic Equipment,12/5/2024,12/10/2024,,,
Rope Nylon,20,Logistic Equipment,1/10/2022,1/15/2022,,,
Rope Nylon,15,Logistic Equipment,2/5/2022,2/10/2022,,,
Rope Nylon,25,Logistic Equipment,3/3/2022,3/8/2022,,,
Rope Nylon,10,Logistic Equipment,4/12/2022,4/17/2022,,,
Rope Nylon,30,Logistic Equipment,5/9/2022,5/14/2022,,,
Rope Nylon,15,Logistic Equipment,6/7/2022,6/11/2022,,,
Rope Nylon,20,Logistic Equipment,7/2/2022,7/7/2022,,,
Rope Nylon,10,Logistic Equipment,7/28/2022,8/2/2022,,,
Rope Nylon,25,Logistic Equipment,9/5/2022,9/10/2022,,,
Rope Nylon,15,Logistic Equipment,10/6/2022,10/11/2022,,,
Rope Nylon,20,Logistic Equipment,11/12/2022,11/17/2022,,,
Rope Nylon,30,Logistic Equipment,12/2/2022,12/7/2022,,,
Rope Nylon,25,Logistic Equipment,1/10/2023,1/15/2023,,,
Rope Nylon,15,Logistic Equipment,2/8/2023,2/13/2023,,,
Rope Nylon,10,Logistic Equipment,3/12/2023,3/17/2023,,,
Rope Nylon,20,Logistic Equipment,4/14/2023,4/19/2023,,,
Rope Nylon,30,Logistic Equipment,5/9/2023,5/14/2023,,,
Rope Nylon,25,Logistic Equipment,6/3/2023,6/8/2023,,,
Rope Nylon,15,Logistic Equipment,7/7/2023,7/12/2023,,,
Rope Nylon,10,Logistic Equipment,8/11/2023,8/16/2023,,,
Rope Nylon,30,Logistic Equipment,9/9/2023,9/14/2023,,,
Rope Nylon,25,Logistic Equipment,10/26/2023,10/31/2023,,,
Rope Nylon,20,Logistic Equipment,11/15/2023,11/20/2023,,,
Rope Nylon,15,Logistic Equipment,12/10/2023,12/15/2023,,,
Rope Nylon,10,Logistic Equipment,1/12/2024,1/17/2024,,,
Rope Nylon,30,Logistic Equipment,2/20/2024,2/25/2024,,,
Rope Nylon,15,Logistic Equipment,4/4/2024,4/9/2024,,,
Rope Nylon,20,Logistic Equipment,6/18/2024,6/23/2024,,,
Rope Nylon,25,Logistic Equipment,8/14/2024,8/19/2024,,,
Rope Nylon,10,Logistic Equipment,10/9/2024,10/14/2024,,,
Rope Nylon,15,Logistic Equipment,12/5/2024,12/10/2024,,,
Steel Carabiner,22,Logistic Equipment,1/10/2022,1/15/2022,,,
Steel Carabiner,26,Logistic Equipment,2/5/2022,2/10/2022,,,
Steel Carabiner,24,Logistic Equipment,3/8/2022,3/13/2022,,,
Steel Carabiner,28,Logistic Equipment,4/12/2022,4/17/2022,,,
Steel Carabiner,25,Logistic Equipment,5/9/2022,5/14/2022,,,
Steel Carabiner,27,Logistic Equipment,6/3/2022,6/8/2022,,,
Steel Carabiner,21,Logistic Equipment,7/1/2022,7/6/2022,,,
Steel Carabiner,29,Logistic Equipment,8/15/2022,8/20/2022,,,
Steel Carabiner,24,Logistic Equipment,9/9/2022,9/14/2022,,,
Steel Carabiner,26,Logistic Equipment,10/12/2022,10/17/2022,,,
Steel Carabiner,25,Logistic Equipment,11/6/2022,11/11/2022,,,
Steel Carabiner,22,Logistic Equipment,12/8/2022,12/13/2022,,,
Steel Carabiner,27,Logistic Equipment,1/16/2023,1/21/2023,,,
Steel Carabiner,23,Logistic Equipment,2/9/2023,2/14/2023,,,
Steel Carabiner,28,Logistic Equipment,3/5/2023,3/10/2023,,,
Steel Carabiner,21,Logistic Equipment,4/7/2023,4/12/2023,,,
Steel Carabiner,25,Logistic Equipment,5/10/2023,5/15/2023,,,
Steel Carabiner,24,Logistic Equipment,6/2/2023,6/7/2023,,,
Steel Carabiner,26,Logistic Equipment,7/12/2023,7/17/2023,,,
Steel Carabiner,28,Logistic Equipment,8/9/2023,8/14/2023,,,
Steel Carabiner,22,Logistic Equipment,9/11/2023,9/16/2023,,,
Steel Carabiner,29,Logistic Equipment,10/18/2023,10/23/2023,,,
Steel Carabiner,23,Logistic Equipment,11/7/2023,11/12/2023,,,
Steel Carabiner,25,Logistic Equipment,12/4/2023,12/9/2023,,,
Steel Carabiner,28,Logistic Equipment,1/5/2024,1/10/2024,,,
Steel Carabiner,24,Logistic Equipment,2/9/2024,2/14/2024,,,
Steel Carabiner,27,Logistic Equipment,3/20/2024,3/25/2024,,,
Steel Carabiner,21,Logistic Equipment,4/15/2024,4/20/2024,,,
Steel Carabiner,25,Logistic Equipment,5/12/2024,5/17/2024,,,
Steel Carabiner,22,Logistic Equipment,6/28/2024,7/5/2024,,,
Steel Carabiner,26,Logistic Equipment,8/8/2024,8/13/2024,,,
Steel Carabiner,29,Logistic Equipment,9/10/2024,9/15/2024,,,
Steel Carabiner,23,Logistic Equipment,10/6/2024,10/11/2024,,,
Steel Carabiner,24,Logistic Equipment,11/9/2024,11/14/2024,,,
Steel Carabiner,27,Logistic Equipment,12/3/2024,12/8/2024,,,
Utility or Water Rope,15,Logistic Equipment,1/12/2022,1/17/2022,,,
Utility or Water Rope,20,Logistic Equipment,2/9/2022,2/14/2022,,,
Utility or Water Rope,25,Logistic Equipment,3/8/2022,3/13/2022,,,
Utility or Water Rope,10,Logistic Equipment,4/6/2022,4/11/2022,,,
Utility or Water Rope,15,Logistic Equipment,5/10/2022,5/15/2022,,,
Utility or Water Rope,25,Logistic Equipment,6/11/2022,6/16/2022,,,
Utility or Water Rope,30,Logistic Equipment,7/5/2022,7/10/2022,,,
Utility or Water Rope,20,Logistic Equipment,7/20/2022,7/25/2022,,,
Utility or Water Rope,30,Logistic Equipment,8/8/2022,8/13/2022,,,
Utility or Water Rope,15,Logistic Equipment,8/27/2022,9/1/2022,,,
Utility or Water Rope,25,Logistic Equipment,9/9/2022,9/14/2022,,,
Utility or Water Rope,20,Logistic Equipment,10/4/2022,10/9/2022,,,
Utility or Water Rope,15,Logistic Equipment,11/6/2022,11/11/2022,,,
Utility or Water Rope,10,Logistic Equipment,12/2/2022,12/7/2022,,,
Utility or Water Rope,25,Logistic Equipment,1/8/2023,1/13/2023,,,
Utility or Water Rope,15,Logistic Equipment,2/7/2023,2/12/2023,,,
Utility or Water Rope,20,Logistic Equipment,3/11/2023,3/16/2023,,,
Utility or Water Rope,10,Logistic Equipment,4/9/2023,4/14/2023,,,
Utility or Water Rope,25,Logistic Equipment,5/13/2023,5/18/2023,,,
Utility or Water Rope,15,Logistic Equipment,6/9/2023,6/14/2023,,,
Utility or Water Rope,30,Logistic Equipment,7/4/2023,7/9/2023,,,
Utility or Water Rope,20,Logistic Equipment,7/19/2023,7/24/2023,,,
Utility or Water Rope,25,Logistic Equipment,8/5/2023,8/10/2023,,,
Utility or Water Rope,30,Logistic Equipment,8/22/2023,8/27/2023,,,
Utility or Water Rope,15,Logistic Equipment,9/6/2023,9/11/2023,,,
Utility or Water Rope,25,Logistic Equipment,9/23/2023,9/28/2023,,,
Utility or Water Rope,20,Logistic Equipment,10/13/2023,10/18/2023,,,
Utility or Water Rope,10,Logistic Equipment,11/9/2023,11/14/2023,,,
Utility or Water Rope,15,Logistic Equipment,12/3/2023,12/8/2023,,,
Utility or Water Rope,20,Logistic Equipment,1/11/2024,1/16/2024,,,
Utility or Water Rope,15,Logistic Equipment,2/8/2024,2/13/2024,,,
Utility or Water Rope,25,Logistic Equipment,3/9/2024,3/14/2024,,,
Utility or Water Rope,10,Logistic Equipment,4/3/2024,4/8/2024,,,
Utility or Water Rope,30,Logistic Equipment,5/17/2024,5/22/2024,,,
Utility or Water Rope,25,Logistic Equipment,6/7/2024,6/12/2024,,,
Utility or Water Rope,20,Logistic Equipment,7/1/2024,7/6/2024,,,
Utility or Water Rope,25,Logistic Equipment,7/16/2024,7/21/2024,,,
Utility or Water Rope,30,Logistic Equipment,8/4/2024,8/9/2024,,,
Utility or Water Rope,15,Logistic Equipment,8/22/2024,8/27/2024,,,
Utility or Water Rope,20,Logistic Equipment,9/7/2024,9/12/2024,,,
Utility or Water Rope,25,Logistic Equipment,9/25/2024,9/30/2024,,,
Utility or Water Rope,15,Logistic Equipment,10/11/2024,10/16/2024,,,
Utility or Water Rope,20,Logistic Equipment,11/8/2024,11/13/2024,,,
Utility or Water Rope,25,Logistic Equipment,12/6/2024,12/11/2024,,,
KernMantle Rope - Black,15,Logistic Equipment,1/10/2022,1/15/2022,,,
KernMantle Rope - Yellow,20,Logistic Equipment,1/10/2022,1/15/2022,,,
KernMantle Rope - Red,10,Logistic Equipment,1/10/2022,1/15/2022,,,
KernMantle Rope - Black,25,Logistic Equipment,2/8/2022,2/13/2022,,,
KernMantle Rope - Yellow,15,Logistic Equipment,2/8/2022,2/13/2022,,,
KernMantle Rope - Red,20,Logistic Equipment,2/8/2022,2/13/2022,,,
KernMantle Rope - Black,10,Logistic Equipment,3/12/2022,3/17/2022,,,
KernMantle Rope - Yellow,25,Logistic Equipment,3/12/2022,3/17/2022,,,
KernMantle Rope - Red,15,Logistic Equipment,3/12/2022,3/17/2022,,,
KernMantle Rope - Black,20,Logistic Equipment,4/5/2022,4/10/2022,,,
KernMantle Rope - Yellow,30,Logistic Equipment,4/5/2022,4/10/2022,,,
KernMantle Rope - Red,25,Logistic Equipment,4/5/2022,4/10/2022,,,
KernMantle Rope - Black,25,Logistic Equipment,5/8/2022,5/13/2022,,,
KernMantle Rope - Yellow,15,Logistic Equipment,5/8/2022,5/13/2022,,,
KernMantle Rope - Red,20,Logistic Equipment,5/8/2022,5/13/2022,,,
KernMantle Rope - Black,30,Logistic Equipment,6/9/2022,6/14/2022,,,
KernMantle Rope - Yellow,20,Logistic Equipment,6/9/2022,6/14/2022,,,
KernMantle Rope - Red,25,Logistic Equipment,6/9/2022,6/14/2022,,,
KernMantle Rope - Black,25,Logistic Equipment,7/5/2022,7/10/2022,,,
KernMantle Rope - Yellow,30,Logistic Equipment,7/5/2022,7/10/2022,,,
KernMantle Rope - Red,15,Logistic Equipment,7/5/2022,7/10/2022,,,
KernMantle Rope - Black,30,Logistic Equipment,8/1/2022,8/6/2022,,,
KernMantle Rope - Yellow,15,Logistic Equipment,8/1/2022,8/6/2022,,,
KernMantle Rope - Red,20,Logistic Equipment,8/1/2022,8/6/2022,,,
KernMantle Rope - Black,15,Logistic Equipment,9/6/2022,9/11/2022,,,
KernMantle Rope - Yellow,20,Logistic Equipment,9/6/2022,9/11/2022,,,
KernMantle Rope - Red,25,Logistic Equipment,9/6/2022,9/11/2022,,,
KernMantle Rope - Black,10,Logistic Equipment,10/8/2022,10/13/2022,,,
KernMantle Rope - Yellow,25,Logistic Equipment,10/8/2022,10/13/2022,,,
KernMantle Rope - Red,30,Logistic Equipment,10/8/2022,10/13/2022,,,
KernMantle Rope - Black,20,Logistic Equipment,11/9/2022,11/14/2022,,,
KernMantle Rope - Yellow,15,Logistic Equipment,11/9/2022,11/14/2022,,,
KernMantle Rope - Red,25,Logistic Equipment,11/9/2022,11/14/2022,,,
KernMantle Rope - Black,25,Logistic Equipment,1/9/2023,1/14/2023,,,
KernMantle Rope - Yellow,10,Logistic Equipment,1/9/2023,1/14/2023,,,
KernMantle Rope - Red,15,Logistic Equipment,1/9/2023,1/14/2023,,,
KernMantle Rope - Black,15,Logistic Equipment,3/4/2023,3/9/2023,,,
KernMantle Rope - Yellow,20,Logistic Equipment,3/4/2023,3/9/2023,,,
KernMantle Rope - Red,25,Logistic Equipment,3/4/2023,3/9/2023,,,
KernMantle Rope - Black,30,Logistic Equipment,7/1/2023,7/8/2023,,,
KernMantle Rope - Yellow,20,Logistic Equipment,7/1/2023,7/8/2023,,,
KernMantle Rope - Red,25,Logistic Equipment,7/1/2023,7/8/2023,,,
KernMantle Rope - Black,25,Logistic Equipment,8/5/2023,8/10/2023,,,
KernMantle Rope - Yellow,15,Logistic Equipment,8/5/2023,8/10/2023,,,
KernMantle Rope - Red,20,Logistic Equipment,8/5/2023,8/10/2023,,,
KernMantle Rope - Black,30,Logistic Equipment,9/9/2023,9/14/2023,,,
KernMantle Rope - Yellow,25,Logistic Equipment,9/9/2023,9/14/2023,,,
KernMantle Rope - Red,15,Logistic Equipment,9/9/2023,9/14/2023,,,
KernMantle Rope - Black,10,Logistic Equipment,12/3/2023,12/8/2023,,,
KernMantle Rope - Yellow,20,Logistic Equipment,12/3/2023,12/8/2023,,,
KernMantle Rope - Red,25,Logistic Equipment,12/3/2023,12/8/2023,,,
KernMantle Rope - Black,10,Logistic Equipment,4/3/2024,4/8/2024,,,
KernMantle Rope - Yellow,15,Logistic Equipment,4/3/2024,4/8/2024,,,
KernMantle Rope - Red,20,Logistic Equipment,4/3/2024,4/8/2024,,,
KernMantle Rope - Black,20,Logistic Equipment,7/1/2024,7/8/2024,,,
KernMantle Rope - Yellow,15,Logistic Equipment,7/1/2024,7/8/2024,,,
KernMantle Rope - Red,25,Logistic Equipment,7/1/2024,7/8/2024,,,
KernMantle Rope - Black,25,Logistic Equipment,7/29/2024,8/5/2024,,,
KernMantle Rope - Yellow,20,Logistic Equipment,7/29/2024,8/5/2024,,,
KernMantle Rope - Red,15,Logistic Equipment,7/29/2024,8/5/2024,,,
KernMantle Rope - Black,15,Logistic Equipment,8/29/2024,9/2/2024,,,
Betadine,120,Medical Equipment,2022-01-04,2022-01-10,,,
Betadine,20,Medical Equipment,2022-01-03,2022-01-10,,,
Betadine,135,Medical Equipment,2022-01-07,2022-01-11,,,
Betadine,85,Medical Equipment,2022-01-07,2022-01-12,,,
Betadine,150,Medical Equipment,2022-02-07,2022-02-14,,,
Betadine,60,Medical Equipment,2022-02-28,2022-03-04,,,
Betadine,35,Medical Equipment,2022-02-01,2022-02-07,,,
Betadine,70,Medical Equipment,2022-02-17,2022-02-23,,,
Betadine,65,Medical Equipment,2022-03-25,2022-04-01,,,
Betadine,120,Medical Equipment,2022-04-05,2022-04-08,,,
Betadine,100,Medical Equipment,2022-05-09,2022-05-16,,,
Betadine,145,Medical Equipment,2022-05-05,2022-05-10,,,
Betadine,30,Medical Equipment,2022-06-22,2022-06-27,,,
Betadine,60,Medical Equipment,2022-06-21,2022-06-24,,,
Betadine,75,Medical Equipment,2022-07-19,2022-07-25,,,
Betadine,150,Medical Equipment,2022-08-10,2022-08-15,,,
Betadine,85,Medical Equipment,2022-08-31,2022-09-05,,,
Betadine,20,Medical Equipment,2022-09-22,2022-09-26,,,
Betadine,90,Medical Equipment,2022-09-08,2022-09-12,,,
Betadine,75,Medical Equipment,2022-09-06,2022-09-12,,,
Betadine,115,Medical Equipment,2022-11-09,2022-11-14,,,
Betadine,15,Medical Equipment,2022-12-21,2022-12-26,,,
Betadine,20,Medical Equipment,2023-01-12,2023-01-17,,,
Betadine,150,Medical Equipment,2023-01-13,2023-01-19,,,
Betadine,150,Medical Equipment,2023-02-07,2023-02-14,,,
Betadine,15,Medical Equipment,2023-02-01,2023-02-06,,,
Betadine,10,Medical Equipment,2023-02-20,2023-02-27,,,
Betadine,70,Medical Equipment,2023-03-29,2023-04-05,,,
Betadine,110,Medical Equipment,2023-03-15,2023-03-20,,,
Betadine,105,Medical Equipment,2023-04-21,2023-04-25,,,
Betadine,10,Medical Equipment,2023-04-24,2023-05-02,,,
Betadine,135,Medical Equipment,2023-05-16,2023-05-22,,,
Betadine,90,Medical Equipment,2023-05-23,2023-05-26,,,
Betadine,30,Medical Equipment,2023-07-03,2023-07-10,,,
Betadine,45,Medical Equipment,2023-08-01,2023-08-07,,,
Betadine,31,Medical Equipment,2023-09-01,2023-09-07,,,
Betadine,46,Medical Equipment,2023-10-02,2023-10-09,,,
Betadine,42,Medical Equipment,2023-10-26,2023-10-31,,,
Betadine,40,Medical Equipment,2023-11-14,2023-11-20,,,
Betadine,50,Medical Equipment,2023-12-04,2023-12-07,,,
Betadine,55,Medical Equipment,2024-01-02,2024-01-09,,,
Betadine,45,Medical Equipment,2024-02-16,2024-02-21,,,
Betadine,55,Medical Equipment,2024-03-27,2024-04-02,,,
Betadine,50,Medical Equipment,2024-04-26,2024-04-30,,,
Betadine,40,Medical Equipment,2024-05-29,2024-06-04,,,
Betadine,30,Medical Equipment,2024-06-28,2024-07-05,,,
Betadine,60,Medical Equipment,2024-07-29,2024-08-05,,,
Betadine,50,Medical Equipment,2024-08-29,2024-09-02,,,
Betadine,65,Medical Equipment,2024-09-27,2024-10-02,,,
Betadine,40,Medical Equipment,2024-11-04,2024-11-11,,,
Betadine,46,Medical Equipment,2024-11-29,2024-12-02,,,
Betadine,44,Medical Equipment,2024-12-20,2024-12-26,,,
Gauze Pad,95,Medical Equipment,2022-01-04,2022-01-10,,,
Gauze Pad,105,Medical Equipment,2022-01-07,2022-01-11,,,
Gauze Pad,105,Medical Equipment,2022-01-07,2022-01-12,,,
Gauze Pad,25,Medical Equipment,2022-02-07,2022-02-14,,,
Gauze Pad,25,Medical Equipment,2022-02-28,2022-03-04,,,
Gauze Pad,95,Medical Equipment,2022-02-01,2022-02-07,,,
Gauze Pad,5,Medical Equipment,2022-03-23,2022-03-30,,,
Gauze Pad,15,Medical Equipment,2022-03-08,2022-03-14,,,
Gauze Pad,125,Medical Equipment,2022-03-25,2022-04-01,,,
Gauze Pad,15,Medical Equipment,2022-04-19,2022-04-25,,,
Gauze Pad,150,Medical Equipment,2022-05-25,2022-05-30,,,
Gauze Pad,80,Medical Equipment,2022-06-22,2022-06-27,,,
Gauze Pad,60,Medical Equipment,2022-07-18,2022-07-25,,,
Gauze Pad,45,Medical Equipment,2022-08-15,2022-08-22,,,
Gauze Pad,35,Medical Equipment,2022-09-22,2022-09-26,,,
Gauze Pad,75,Medical Equipment,2022-09-08,2022-09-12,,,
Gauze Pad,80,Medical Equipment,2022-09-06,2022-09-12,,,
Gauze Pad,65,Medical Equipment,2022-10-25,2022-11-03,,,
Gauze Pad,75,Medical Equipment,2022-11-09,2022-11-14,,,
Gauze Pad,35,Medical Equipment,2022-12-21,2022-12-26,,,
Gauze Pad,140,Medical Equipment,2023-01-12,2023-01-17,,,
Gauze Pad,60,Medical Equipment,2023-01-06,2023-01-13,,,
Gauze Pad,145,Medical Equipment,2023-01-13,2023-01-19,,,
Gauze Pad,130,Medical Equipment,2023-02-07,2023-02-14,,,
Gauze Pad,5,Medical Equipment,2023-02-20,2023-02-27,,,
Gauze Pad,110,Medical Equipment,2023-03-29,2023-04-05,,,
Gauze Pad,30,Medical Equipment,2023-03-15,2023-03-20,,,
Gauze Pad,145,Medical Equipment,2023-04-20,2023-04-26,,,
Gauze Pad,50,Medical Equipment,2023-04-21,2023-04-25,,,
Gauze Pad,105,Medical Equipment,2023-04-24,2023-05-02,,,
Gauze Pad,65,Medical Equipment,2023-05-16,2023-05-22,,,
Gauze Pad,145,Medical Equipment,2023-05-23,2023-05-26,,,
Gauze Pad,105,Medical Equipment,2023-06-05,2023-06-08,,,
Gauze Pad,40,Medical Equipment,2023-07-05,2023-07-10,,,
Gauze Pad,42,Medical Equipment,2023-07-31,2023-08-03,,,
Gauze Pad,50,Medical Equipment,2023-08-14,2023-08-22,,,
Gauze Pad,30,Medical Equipment,2023-09-18,2023-09-21,,,
Gauze Pad,25,Medical Equipment,2023-10-18,2023-10-25,,,
Gauze Pad,48,Medical Equipment,2023-10-26,2023-11-02,,,
Gauze Pad,47,Medical Equipment,2023-11-14,2023-11-20,,,
Gauze Pad,45,Medical Equipment,2023-12-19,2023-12-26,,,
Gauze Pad,30,Medical Equipment,2024-01-31,2024-02-05,,,
Gauze Pad,45,Medical Equipment,2024-02-29,2024-03-07,,,
Gauze Pad,47,Medical Equipment,2024-03-25,2024-04-01,,,
Gauze Pad,30,Medical Equipment,2024-04-18,2024-04-25,,,
Gauze Pad,24,Medical Equipment,2024-05-06,2024-05-09,,,
Gauze Pad,15,Medical Equipment,2024-05-06,2024-05-10,,,
Gauze Pad,35,Medical Equipment,2024-06-04,2024-06-11,,,
Gauze Pad,25,Medical Equipment,2024-06-28,2024-07-05,,,
Gauze Pad,35,Medical Equipment,2024-07-29,2024-08-05,,,
Gauze Pad,20,Medical Equipment,2024-08-14,2024-08-19,,,
Gauze Pad,45,Medical Equipment,2024-09-04,2024-09-09,,,
Gauze Pad,35,Medical Equipment,2024-09-27,2024-10-02,,,
Gauze Pad,20,Medical Equipment,2024-11-04,2024-11-11,,,
Gauze Pad,25,Medical Equipment,2024-11-29,2024-12-02,,,
Gauze Pad,40,Medical Equipment,2024-12-20,2024-12-26,,,
Simple Mask (E),30,Medical Equipment,1/3/2022,1/10/2022,,,
Simple Mask (E),20,Medical Equipment,1/7/2022,1/11/2022,,,
Simple Mask (E),150,Medical Equipment,1/7/2022,1/12/2022,,,
Simple Mask (E),135,Medical Equipment,1/15/2022,1/22/2022,,,
Simple Mask (E),90,Medical Equipment,1/26/2022,2/1/2022,,,
Simple Mask (E),30,Medical Equipment,2/7/2022,2/14/2022,,,
Simple Mask (E),120,Medical Equipment,2/1/2022,2/7/2022,,,
Simple Mask (E),80,Medical Equipment,2/17/2022,2/23/2022,,,
Simple Mask (E),100,Medical Equipment,2/20/2022,2/25/2022,,,
Simple Mask (E),20,Medical Equipment,3/23/2022,3/30/2022,,,
Simple Mask (E),80,Medical Equipment,3/8/2022,3/14/2022,,,
Simple Mask (E),60,Medical Equipment,3/25/2022,4/1/2022,,,
Simple Mask (E),95,Medical Equipment,3/10/2022,3/17/2022,,,
Simple Mask (E),40,Medical Equipment,4/5/2022,4/8/2022,,,
Simple Mask (E),135,Medical Equipment,5/9/2022,5/16/2022,,,
Simple Mask (E),120,Medical Equipment,5/25/2022,5/30/2022,,,
Simple Mask (E),100,Medical Equipment,6/22/2022,6/27/2022,,,
Simple Mask (E),120,Medical Equipment,6/21/2022,6/24/2022,,,
Simple Mask (E),10,Medical Equipment,6/30/2022,7/4/2022,,,
Simple Mask (E),35,Medical Equipment,7/18/2022,7/25/2022,,,
Simple Mask (E),85,Medical Equipment,7/28/2022,8/3/2022,,,
Simple Mask (E),110,Medical Equipment,8/10/2022,8/15/2022,,,
Simple Mask (E),50,Medical Equipment,8/15/2022,8/22/2022,,,
Simple Mask (E),70,Medical Equipment,8/31/2022,9/5/2022,,,
Simple Mask (E),30,Medical Equipment,9/6/2022,9/12/2022,,,
Simple Mask (E),95,Medical Equipment,9/22/2022,9/28/2022,,,
Simple Mask (E),80,Medical Equipment,10/25/2022,11/3/2022,,,
Simple Mask (E),125,Medical Equipment,11/9/2022,11/14/2022,,,
Simple Mask (E),110,Medical Equipment,11/27/2022,12/3/2022,,,
Simple Mask (E),30,Medical Equipment,12/21/2022,12/26/2022,,,
Simple Mask (E),140,Medical Equipment,1/12/2023,1/17/2023,,,
Simple Mask (E),70,Medical Equipment,1/6/2023,1/13/2023,,,
Simple Mask (E),25,Medical Equipment,1/13/2023,1/19/2023,,,
Simple Mask (E),130,Medical Equipment,2/5/2023,2/10/2023,,,
Simple Mask (E),20,Medical Equipment,2/1/2023,2/6/2023,,,
Simple Mask (E),95,Medical Equipment,2/20/2023,2/27/2023,,,
Simple Mask (E),5,Medical Equipment,3/29/2023,4/3/2023,,,
Simple Mask (E),65,Medical Equipment,3/15/2023,3/20/2023,,,
Simple Mask (E),95,Medical Equipment,4/20/2023,4/26/2023,,,
Simple Mask (E),100,Medical Equipment,4/21/2023,4/25/2023,,,
Simple Mask (E),15,Medical Equipment,4/24/2023,5/2/2023,,,
Simple Mask (E),145,Medical Equipment,5/16/2023,5/22/2023,,,
Simple Mask (E),50,Medical Equipment,5/23/2023,5/26/2023,,,
Simple Mask (E),120,Medical Equipment,5/28/2023,6/3/2023,,,
Simple Mask (E),105,Medical Equipment,6/22/2023,6/28/2023,,,
Simple Mask (E),30,Medical Equipment,6/5/2023,6/8/2023,,,
Simple Mask (E),115,Medical Equipment,7/3/2023,7/10/2023,,,
Simple Mask (E),130,Medical Equipment,7/22/2023,7/29/2023,,,
Simple Mask (E),125,Medical Equipment,8/3/2023,8/9/2023,,,
Simple Mask (E),44,Medical Equipment,8/1/2023,8/7/2023,,,
Simple Mask (E),110,Medical Equipment,8/18/2023,8/24/2023,,,
Simple Mask (E),20,Medical Equipment,9/1/2023,9/7/2023,,,
Simple Mask (E),100,Medical Equipment,9/5/2023,9/12/2023,,,
Simple Mask (E),115,Medical Equipment,9/21/2023,9/27/2023,,,
Simple Mask (E),36,Medical Equipment,10/2/2023,10/9/2023,,,
Simple Mask (E),35,Medical Equipment,10/26/2023,10/31/2023,,,
Simple Mask (E),20,Medical Equipment,11/28/2023,12/4/2023,,,
Simple Mask (E),125,Medical Equipment,11/15/2023,11/21/2023,,,
Simple Mask (E),100,Medical Equipment,12/10/2023,12/17/2023,,,
Simple Mask (E),17,Medical Equipment,12/29/2023,1/2/2024,,,
Simple Mask (E),18,Medical Equipment,2/1/2024,2/5/2024,,,
Simple Mask (E),20,Medical Equipment,3/1/2024,3/7/2024,,,
Simple Mask (E),23,Medical Equipment,3/25/2024,3/29/2024,,,
Simple Mask (E),15,Medical Equipment,4/18/2024,4/25/2024,,,
Simple Mask (E),17,Medical Equipment,5/20/2024,5/27/2024,,,
Simple Mask (E),25,Medical Equipment,6/20/2024,6/24/2024,,,
Simple Mask (E),20,Medical Equipment,7/16/2024,7/22/2024,,,
Simple Mask (E),20,Medical Equipment,8/14/2024,8/19/2024,,,
Simple Mask (E),25,Medical Equipment,9/4/2024,9/9/2024,,,
Simple Mask (E),25,Medical Equipment,9/13/2024,9/19/2024,,,
Simple Mask (E),30,Medical Equipment,9/24/2024,9/30/2024,,,
Simple Mask (E),20,Medical Equipment,10/31/2024,11/5/2024,,,
Simple Mask (E),20,Medical Equipment,11/19/2024,11/26/2024,,,
Simple Mask (E),20,Medical Equipment,12/2/2024,12/9/2024,,,
Simple Mask (E),20,Medical Equipment,12/9/2024,12/13/2024,,,
Simple Mask (E),25,Medical Equipment,12/15/2024,12/20/2024,,,
Gloves,135,Medical Equipment,2022-01-04,2022-01-10,,,
Gloves,100,Medical Equipment,2022-01-07,2022-01-12,,,
Gloves,85,Medical Equipment,2022-02-28,2022-03-04,,,
Gloves,110,Medical Equipment,2022-02-01,2022-02-07,,,
Gloves,75,Medical Equipment,2022-02-17,2022-02-23,,,
Gloves,120,Medical Equipment,2022-03-23,2022-03-30,,,
Gloves,15,Medical Equipment,2022-03-08,2022-03-14,,,
Gloves,25,Medical Equipment,2022-03-25,2022-04-01,,,
Gloves,135,Medical Equipment,2022-04-19,2022-04-25,,,
Gloves,105,Medical Equipment,2022-05-09,2022-05-16,,,
Gloves,145,Medical Equipment,2022-05-05,2022-05-10,,,
Gloves,75,Medical Equipment,2022-06-22,2022-06-27,,,
Gloves,30,Medical Equipment,2022-06-21,2022-06-24,,,
Gloves,115,Medical Equipment,2022-06-30,2022-07-04,,,
Gloves,60,Medical Equipment,2022-07-18,2022-07-25,,,
Gloves,90,Medical Equipment,2022-08-10,2022-08-15,,,
Gloves,15,Medical Equipment,2022-09-08,2022-09-12,,,
Gloves,95,Medical Equipment,2022-09-06,2022-09-12,,,
Gloves,130,Medical Equipment,2022-11-09,2022-11-15,,,
Gloves,105,Medical Equipment,2022-12-21,2022-12-26,,,
Gloves,15,Medical Equipment,2023-01-12,2023-01-17,,,
Gloves,60,Medical Equipment,2023-01-06,2023-01-13,,,
Gloves,145,Medical Equipment,2023-01-13,2023-01-19,,,
Gloves,15,Medical Equipment,2023-02-07,2023-02-14,,,
Gloves,5,Medical Equipment,2023-02-01,2023-02-06,,,
Gloves,135,Medical Equipment,2023-03-29,2023-04-05,,,
Gloves,125,Medical Equipment,2023-03-15,2023-03-20,,,
Gloves,50,Medical Equipment,2023-04-20,2023-04-26,,,
Gloves,45,Medical Equipment,2023-04-21,2023-04-25,,,
Gloves,90,Medical Equipment,2023-04-24,2023-05-02,,,
Gloves,10,Medical Equipment,2023-05-16,2023-05-22,,,
Gloves,115,Medical Equipment,2023-05-23,2023-05-26,,,
Gloves,140,Medical Equipment,2023-06-05,2023-06-08,,,
Gloves,60,Medical Equipment,2023-07-31,2023-08-03,,,
Gloves,30,Medical Equipment,2023-08-31,2023-09-04,,,
Gloves,27,Medical Equipment,2023-09-29,2023-10-04,,,
Gloves,35,Medical Equipment,2023-10-26,2023-10-31,,,
Gloves,27,Medical Equipment,2023-11-14,2023-11-20,,,
Gloves,27,Medical Equipment,2023-11-28,2023-12-04,,,
Gloves,25,Medical Equipment,2023-12-19,2023-12-26,,,
Gloves,30,Medical Equipment,2024-01-31,2024-02-05,,,
Gloves,20,Medical Equipment,2024-02-29,2024-03-07,,,
Gloves,20,Medical Equipment,2024-04-03,2024-04-08,,,
Gloves,25,Medical Equipment,2024-05-06,2024-05-09,,,
Gloves,20,Medical Equipment,2024-06-04,2024-06-11,,,
Gloves,23,Medical Equipment,2024-07-01,2024-07-08,,,
Gloves,20,Medical Equipment,2024-08-01,2024-08-08,,,
Gloves,20,Medical Equipment,2024-09-04,2024-09-09,,,
Gloves,20,Medical Equipment,2024-10-01,2024-10-07,,,
Gloves,20,Medical Equipment,2024-11-19,2024-11-26,,,
Gloves,20,Medical Equipment,2024-12-09,2024-12-13,,,
Face Shield,35,Medical Equipment,2022-01-07,2022-01-11,,,
Face Shield,95,Medical Equipment,2022-02-07,2022-02-14,,,
Face Shield,100,Medical Equipment,2022-02-28,2022-03-04,,,
Face Shield,10,Medical Equipment,2022-03-08,2022-03-14,,,
Face Shield,110,Medical Equipment,2022-03-25,2022-04-01,,,
Face Shield,105,Medical Equipment,2022-04-12,2022-04-18,,,
Face Shield,130,Medical Equipment,2022-04-05,2022-04-08,,,
Face Shield,65,Medical Equipment,2022-04-19,2022-04-25,,,
Face Shield,85,Medical Equipment,2022-05-09,2022-05-16,,,
Face Shield,85,Medical Equipment,2022-05-05,2022-05-10,,,
Face Shield,70,Medical Equipment,2022-05-25,2022-05-30,,,
Face Shield,5,Medical Equipment,2022-06-30,2022-07-04,,,
Face Shield,55,Medical Equipment,2022-07-12,2022-07-15,,,
Face Shield,90,Medical Equipment,2022-07-19,2022-07-25,,,
Face Shield,120,Medical Equipment,2022-07-18,2022-07-25,,,
Face Shield,80,Medical Equipment,2022-08-15,2022-08-22,,,
Face Shield,120,Medical Equipment,2022-08-31,2022-09-05,,,
Face Shield,5,Medical Equipment,2022-09-22,2022-09-26,,,
Face Shield,5,Medical Equipment,2022-11-09,2022-11-15,,,
Face Shield,115,Medical Equipment,2022-11-09,2022-11-14,,,
Face Shield,15,Medical Equipment,2023-01-13,2023-01-19,,,
Face Shield,5,Medical Equipment,2023-03-29,2023-04-03,,,
Face Shield,135,Medical Equipment,2023-03-29,2023-04-05,,,
Face Shield,30,Medical Equipment,2023-03-15,2023-03-20,,,
Face Shield,95,Medical Equipment,2023-04-21,2023-04-25,,,
Face Shield,110,Medical Equipment,2023-04-24,2023-05-02,,,
Face Shield,95,Medical Equipment,2023-05-16,2023-05-22,,,
Face Shield,90,Medical Equipment,2023-05-23,2023-05-26,,,
Face Shield,20,Medical Equipment,2023-06-22,2023-06-28,,,
Face Shield,30,Medical Equipment,2023-07-31,2023-08-03,,,
Face Shield,34,Medical Equipment,2023-08-31,2023-09-04,,,
Face Shield,25,Medical Equipment,2023-09-29,2023-10-04,,,
Face Shield,20,Medical Equipment,2023-10-02,2023-10-09,,,
Face Shield,20,Medical Equipment,2023-10-26,2023-10-31,,,
Face Shield,25,Medical Equipment,2023-11-14,2023-11-20,,,
Face Shield,20,Medical Equipment,2023-12-19,2023-12-26,,,
Face Shield,25,Medical Equipment,2024-01-31,2024-02-05,,,
Face Shield,20,Medical Equipment,2024-02-29,2024-03-07,,,
Face Shield,35,Medical Equipment,2024-03-01,2024-03-07,,,
Face Shield,20,Medical Equipment,2024-04-03,2024-04-08,,,
Face Shield,16,Medical Equipment,2024-05-06,2024-05-09,,,
Face Shield,25,Medical Equipment,2024-05-29,2024-06-04,,,
Face Shield,25,Medical Equipment,2024-06-04,2024-06-11,,,
Face Shield,25,Medical Equipment,2024-06-20,2024-06-24,,,
Face Shield,20,Medical Equipment,2024-08-01,2024-08-08,,,
Face Shield,30,Medical Equipment,2024-09-04,2024-09-09,,,
Face Shield,15,Medical Equipment,2024-10-01,2024-10-07,,,
Face Shield,25,Medical Equipment,2024-11-19,2024-11-26,,,
Face Shield,10,Medical Equipment,2024-12-05,2024-12-10,,,
Face Shield,20,Medical Equipment,2024-12-09,2024-12-13,,,
KN95 Mask,10,Medical Equipment,1/4/2022,1/10/2022,,,
KN95 Mask,75,Medical Equipment,1/3/2022,1/10/2022,,,
KN95 Mask,25,Medical Equipment,1/7/2022,1/12/2022,,,
KN95 Mask,110,Medical Equipment,1/15/2022,1/22/2022,,,
KN95 Mask,95,Medical Equipment,1/27/2022,2/2/2022,,,
KN95 Mask,80,Medical Equipment,2/7/2022,2/14/2022,,,
KN95 Mask,95,Medical Equipment,2/28/2022,3/4/2022,,,
KN95 Mask,50,Medical Equipment,2/17/2022,2/23/2022,,,
KN95 Mask,100,Medical Equipment,2/20/2022,2/27/2022,,,
KN95 Mask,5,Medical Equipment,3/25/2022,4/1/2022,,,
KN95 Mask,120,Medical Equipment,3/8/2022,3/14/2022,,,
KN95 Mask,55,Medical Equipment,5/9/2022,5/16/2022,,,
KN95 Mask,85,Medical Equipment,5/5/2022,5/10/2022,,,
KN95 Mask,90,Medical Equipment,5/25/2022,5/30/2022,,,
KN95 Mask,135,Medical Equipment,6/21/2022,6/24/2022,,,
KN95 Mask,65,Medical Equipment,6/30/2022,7/4/2022,,,
KN95 Mask,50,Medical Equipment,7/12/2022,7/15/2022,,,
KN95 Mask,45,Medical Equipment,7/19/2022,7/25/2022,,,
KN95 Mask,110,Medical Equipment,7/18/2022,7/25/2022,,,
KN95 Mask,125,Medical Equipment,7/30/2022,8/5/2022,,,
KN95 Mask,140,Medical Equipment,8/15/2022,8/22/2022,,,
KN95 Mask,115,Medical Equipment,8/26/2022,9/1/2022,,,
KN95 Mask,50,Medical Equipment,8/31/2022,9/5/2022,,,
KN95 Mask,40,Medical Equipment,9/22/2022,9/26/2022,,,
KN95 Mask,120,Medical Equipment,9/8/2022,9/12/2022,,,
KN95 Mask,105,Medical Equipment,9/27/2022,10/2/2022,,,
KN95 Mask,95,Medical Equipment,10/25/2022,11/3/2022,,,
KN95 Mask,55,Medical Equipment,11/9/2022,11/15/2022,,,
KN95 Mask,85,Medical Equipment,11/24/2022,11/30/2022,,,
KN95 Mask,140,Medical Equipment,1/6/2023,1/13/2023,,,
KN95 Mask,25,Medical Equipment,1/13/2023,1/19/2023,,,
KN95 Mask,100,Medical Equipment,2/3/2023,2/9/2023,,,
KN95 Mask,15,Medical Equipment,2/7/2023,2/14/2023,,,
KN95 Mask,25,Medical Equipment,2/1/2023,2/6/2023,,,
KN95 Mask,130,Medical Equipment,2/20/2023,2/27/2023,,,
KN95 Mask,125,Medical Equipment,3/29/2023,4/5/2023,,,
KN95 Mask,115,Medical Equipment,3/12/2023,3/19/2023,,,
KN95 Mask,125,Medical Equipment,4/21/2023,4/25/2023,,,
KN95 Mask,145,Medical Equipment,4/24/2023,5/2/2023,,,
KN95 Mask,60,Medical Equipment,5/16/2023,5/22/2023,,,
KN95 Mask,50,Medical Equipment,5/23/2023,5/26/2023,,,
KN95 Mask,135,Medical Equipment,5/29/2023,6/5/2023,,,
KN95 Mask,40,Medical Equipment,6/22/2023,6/28/2023,,,
KN95 Mask,80,Medical Equipment,6/5/2023,6/8/2023,,,
KN95 Mask,120,Medical Equipment,7/7/2023,7/13/2023,,,
KN95 Mask,50,Medical Equipment,7/31/2023,8/3/2023,,,
KN95 Mask,45,Medical Equipment,8/31/2023,9/4/2023,,,
KN95 Mask,130,Medical Equipment,8/12/2023,8/18/2023,,,
KN95 Mask,125,Medical Equipment,9/3/2023,9/9/2023,,,
KN95 Mask,30,Medical Equipment,9/29/2023,10/4/2023,,,
KN95 Mask,35,Medical Equipment,10/18/2023,10/25/2023,,,
KN95 Mask,95,Medical Equipment,10/5/2023,10/11/2023,,,
KN95 Mask,50,Medical Equipment,11/6/2023,11/9/2023,,,
KN95 Mask,50,Medical Equipment,11/14/2023,11/20/2023,,,
KN95 Mask,105,Medical Equipment,11/27/2023,12/2/2023,,,
KN95 Mask,30,Medical Equipment,12/4/2023,12/7/2023,,,
KN95 Mask,125,Medical Equipment,12/10/2023,12/16/2023,,,
KN95 Mask,35,Medical Equipment,12/29/2023,1/2/2024,,,
KN95 Mask,30,Medical Equipment,1/2/2024,1/9/2024,,,
KN95 Mask,35,Medical Equipment,2/16/2024,2/21/2024,,,
KN95 Mask,50,Medical Equipment,3/27/2024,4/2/2024,,,
KN95 Mask,20,Medical Equipment,4/26/2024,4/30/2024,,,
KN95 Mask,40,Medical Equipment,5/8/2024,5/14/2024,,,
KN95 Mask,30,Medical Equipment,5/29/2024,6/4/2024,,,
KN95 Mask,40,Medical Equipment,6/28/2024,7/5/2024,,,
KN95 Mask,45,Medical Equipment,7/10/2024,7/15/2024,,,
KN95 Mask,40,Medical Equipment,7/29/2024,8/5/2024,,,
KN95 Mask,30,Medical Equipment,8/1/2024,8/8/2024,,,
KN95 Mask,35,Medical Equipment,8/29/2024,9/2/2024,,,
KN95 Mask,40,Medical Equipment,9/27/2024,10/2/2024,,,
KN95 Mask,50,Medical Equipment,9/11/2024,9/17/2024,,,
KN95 Mask,35,Medical Equipment,11/4/2024,11/11/2024,,,
KN95 Mask,25,Medical Equipment,12/2/2024,12/9/2024,,,
KN95 Mask,45,Medical Equipment,12/20/2024,12/26/2024,,,
KN95 Mask,30,Medical Equipment,12/10/2024,12/15/2024,,,
Oxygen (Nasal & Simple Mask) - Adult,20,Medical Equipment,2022-01-04,2022-01-10,,,
Oxygen (Nasal & Simple Mask) - Adult,140,Medical Equipment,2022-01-03,2022-01-10,,,
Oxygen (Nasal & Simple Mask) - Adult,65,Medical Equipment,2022-01-07,2022-01-11,,,
Oxygen (Nasal & Simple Mask) - Pedia,70,Medical Equipment,2022-01-07,2022-01-11,,,
Oxygen (Nasal & Simple Mask) - Pedia,90,Medical Equipment,2022-01-07,2022-01-12,,,
Oxygen (Nasal & Simple Mask) - Adult,100,Medical Equipment,2022-02-07,2022-02-14,,,
Oxygen (Nasal & Simple Mask) - Pedia,135,Medical Equipment,2022-02-07,2022-02-14,,,
Oxygen (Nasal & Simple Mask) - Adult,90,Medical Equipment,2022-02-28,2022-03-04,,,
Oxygen (Nasal & Simple Mask) - Adult,50,Medical Equipment,2022-02-01,2022-02-07,,,
Oxygen (Nasal & Simple Mask) - Pedia,125,Medical Equipment,2022-02-01,2022-02-07,,,
Oxygen (Nasal & Simple Mask) - Adult,115,Medical Equipment,2022-02-17,2022-02-23,,,
Oxygen (Nasal & Simple Mask) - Pedia,15,Medical Equipment,2022-02-17,2022-02-23,,,
Oxygen (Nasal & Simple Mask) - Pedia,10,Medical Equipment,2022-03-23,2022-03-30,,,
Oxygen (Nasal & Simple Mask) - Adult,55,Medical Equipment,2022-03-08,2022-03-14,,,
Oxygen (Nasal & Simple Mask) - Pedia,135,Medical Equipment,2022-03-08,2022-03-14,,,
Oxygen (Nasal & Simple Mask) - Adult,145,Medical Equipment,2022-03-25,2022-04-01,,,
Oxygen (Nasal & Simple Mask) - Pedia,95,Medical Equipment,2022-03-25,2022-04-01,,,
Oxygen (Nasal & Simple Mask) - Adult,35,Medical Equipment,2022-04-12,2022-04-18,,,
Oxygen (Nasal & Simple Mask) - Pedia,50,Medical Equipment,2022-04-12,2022-04-18,,,
Oxygen (Nasal & Simple Mask) - Pedia,35,Medical Equipment,2022-04-05,2022-04-08,,,
Oxygen (Nasal & Simple Mask) - Adult,130,Medical Equipment,2022-04-19,2022-04-25,,,
Oxygen (Nasal & Simple Mask) - Pedia,110,Medical Equipment,2022-04-19,2022-04-25,,,
Oxygen (Nasal & Simple Mask) - Adult,65,Medical Equipment,2022-05-09,2022-05-16,,,
Oxygen (Nasal & Simple Mask) - Pedia,70,Medical Equipment,2022-05-09,2022-05-16,,,
Oxygen (Nasal & Simple Mask) - Adult,30,Medical Equipment,2022-05-05,2022-05-10,,,
Oxygen (Nasal & Simple Mask) - Pedia,50,Medical Equipment,2022-05-05,2022-05-10,,,
Oxygen (Nasal & Simple Mask) - Pedia,5,Medical Equipment,2022-05-25,2022-05-30,,,
Oxygen (Nasal & Simple Mask) - Adult,35,Medical Equipment,2022-06-22,2022-06-27,,,
Oxygen (Nasal & Simple Mask) - Adult,15,Medical Equipment,2022-06-21,2022-06-24,,,
Oxygen (Nasal & Simple Mask) - Pedia,60,Medical Equipment,2022-06-21,2022-06-24,,,
Oxygen (Nasal & Simple Mask) - Pedia,15,Medical Equipment,2022-06-30,2022-07-04,,,
Oxygen (Nasal & Simple Mask) - Pedia,105,Medical Equipment,2022-07-12,2022-07-15,,,
Oxygen (Nasal & Simple Mask) - Adult,120,Medical Equipment,2022-07-18,2022-07-25,,,
Oxygen (Nasal & Simple Mask) - Pedia,55,Medical Equipment,2022-07-18,2022-07-25,,,
Oxygen (Nasal & Simple Mask) - Adult,115,Medical Equipment,2022-08-10,2022-08-15,,,
Oxygen (Nasal & Simple Mask) - Adult,135,Medical Equipment,2022-08-15,2022-08-22,,,
Oxygen (Nasal & Simple Mask) - Pedia,110,Medical Equipment,2022-08-15,2022-08-22,,,
Oxygen (Nasal & Simple Mask) - Adult,40,Medical Equipment,2022-08-31,2022-09-05,,,
Oxygen (Nasal & Simple Mask) - Pedia,90,Medical Equipment,2022-08-31,2022-09-05,,,
Oxygen (Nasal & Simple Mask) - Pedia,145,Medical Equipment,2022-09-22,2022-09-26,,,
Oxygen (Nasal & Simple Mask) - Adult,30,Medical Equipment,2022-09-08,2022-09-12,,,
Oxygen (Nasal & Simple Mask) - Pedia,65,Medical Equipment,2022-09-06,2022-09-12,,,
Oxygen (Nasal & Simple Mask) - Pedia,45,Medical Equipment,2022-10-25,2022-11-03,,,
Oxygen (Nasal & Simple Mask) - Adult,75,Medical Equipment,2022-11-23,2022-11-28,,,
Oxygen (Nasal & Simple Mask) - Adult,85,Medical Equipment,2022-11-09,2022-11-15,,,
Oxygen (Nasal & Simple Mask) - Pedia,110,Medical Equipment,2022-11-09,2022-11-15,,,
Oxygen (Nasal & Simple Mask) - Adult,95,Medical Equipment,2022-11-09,2022-11-14,,,
Oxygen (Nasal & Simple Mask) - Pedia,15,Medical Equipment,2022-11-09,2022-11-14,,,
Oxygen (Nasal & Simple Mask) - Pedia,115,Medical Equipment,2022-12-21,2022-12-26,,,
Oxygen (Nasal & Simple Mask) - Adult,150,Medical Equipment,2023-01-12,2023-01-17,,,
Oxygen (Nasal & Simple Mask) - Adult,5,Medical Equipment,2023-01-06,2023-01-13,,,
Oxygen (Nasal & Simple Mask) - Adult,55,Medical Equipment,2023-01-13,2023-01-19,,,
Oxygen (Nasal & Simple Mask) - Pedia,105,Medical Equipment,2023-01-13,2023-01-19,,,
Oxygen (Nasal & Simple Mask) - Adult,120,Medical Equipment,2023-02-07,2023-02-14,,,
Oxygen (Nasal & Simple Mask) - Pedia,85,Medical Equipment,2023-02-07,2023-02-14,,,
Oxygen (Nasal & Simple Mask) - Adult,145,Medical Equipment,2023-02-01,2023-02-06,,,
Oxygen (Nasal & Simple Mask) - Adult,60,Medical Equipment,2023-02-20,2023-02-27,,,
Oxygen (Nasal & Simple Mask) - Pedia,45,Medical Equipment,2023-02-20,2023-02-27,,,
Oxygen (Nasal & Simple Mask) - Adult,90,Medical Equipment,2023-03-29,2023-04-03,,,
Oxygen (Nasal & Simple Mask) - Adult,130,Medical Equipment,2023-03-29,2023-04-05,,,
Oxygen (Nasal & Simple Mask) - Pedia,120,Medical Equipment,2023-04-20,2023-04-26,,,
Oxygen (Nasal & Simple Mask) - Adult,80,Medical Equipment,2023-04-21,2023-04-25,,,
Oxygen (Nasal & Simple Mask) - Pedia,95,Medical Equipment,2023-04-21,2023-04-25,,,
Oxygen (Nasal & Simple Mask) - Adult,120,Medical Equipment,2023-04-24,2023-05-02,,,
Oxygen (Nasal & Simple Mask) - Pedia,70,Medical Equipment,2023-04-24,2023-05-02,,,
Oxygen (Nasal & Simple Mask) - Pedia,115,Medical Equipment,2023-05-16,2023-05-22,,,
Oxygen (Nasal & Simple Mask) - Adult,20,Medical Equipment,2023-05-23,2023-05-26,,,
Oxygen (Nasal & Simple Mask) - Pedia,95,Medical Equipment,2023-05-23,2023-05-26,,,
Oxygen (Nasal & Simple Mask) - Pedia,25,Medical Equipment,2023-06-05,2023-06-08,,,
Oxygen (Nasal & Simple Mask) - Adult,20,Medical Equipment,2023-07-05,2023-07-10,,,
Oxygen (Nasal & Simple Mask) - Pedia,20,Medical Equipment,2023-07-05,2023-07-10,,,
Oxygen (Nasal & Simple Mask) - Adult,4,Medical Equipment,2023-12-05,2023-12-11,,,
Oxygen (Nasal & Simple Mask) - Pedia,4,Medical Equipment,2023-12-05,2023-12-11,,,
Oxygen (Nasal & Simple Mask) - Adult,10,Medical Equipment,2024-03-05,2024-03-11,,,
Oxygen (Nasal & Simple Mask) - Pedia,10,Medical Equipment,2024-03-05,2024-03-11,,,
Oxygen (Nasal & Simple Mask) - Adult,10,Medical Equipment,2024-09-05,2024-09-10,,,
Oxygen (Nasal & Simple Mask) - Pedia,10,Medical Equipment,2024-09-05,2024-09-10,,,
Triangular Bandage,45,Medical Equipment,1/3/2022,1/10/2022,,,
Triangular Bandage,25,Medical Equipment,1/7/2022,1/11/2022,,,
Triangular Bandage,40,Medical Equipment,1/7/2022,1/12/2022,,,
Triangular Bandage,30,Medical Equipment,2/7/2022,2/14/2022,,,
Triangular Bandage,50,Medical Equipment,2/28/2022,3/4/2022,,,
Triangular Bandage,45,Medical Equipment,2/17/2022,2/23/2022,,,
Triangular Bandage,35,Medical Equipment,3/23/2022,3/30/2022,,,
Triangular Bandage,25,Medical Equipment,3/8/2022,3/14/2022,,,
Triangular Bandage,20,Medical Equipment,3/25/2022,4/1/2022,,,
Triangular Bandage,40,Medical Equipment,4/12/2022,4/18/2022,,,
Triangular Bandage,50,Medical Equipment,4/5/2022,4/8/2022,,,
Triangular Bandage,45,Medical Equipment,4/19/2022,4/25/2022,,,
Triangular Bandage,35,Medical Equipment,5/9/2022,5/16/2022,,,
Triangular Bandage,25,Medical Equipment,5/5/2022,5/10/2022,,,
Triangular Bandage,40,Medical Equipment,5/25/2022,5/30/2022,,,
Triangular Bandage,30,Medical Equipment,6/22/2022,6/27/2022,,,
Triangular Bandage,25,Medical Equipment,6/21/2022,6/24/2022,,,
Triangular Bandage,45,Medical Equipment,6/30/2022,7/4/2022,,,
Triangular Bandage,30,Medical Equipment,7/18/2022,7/25/2022,,,
Triangular Bandage,40,Medical Equipment,8/10/2022,8/15/2022,,,
Triangular Bandage,25,Medical Equipment,8/15/2022,8/22/2022,,,
Triangular Bandage,35,Medical Equipment,8/31/2022,9/5/2022,,,
Triangular Bandage,50,Medical Equipment,9/22/2022,9/26/2022,,,
Triangular Bandage,25,Medical Equipment,9/6/2022,9/12/2022,,,
Triangular Bandage,45,Medical Equipment,10/25/2022,11/3/2022,,,
Triangular Bandage,20,Medical Equipment,11/23/2022,11/28/2022,,,
Triangular Bandage,35,Medical Equipment,11/9/2022,11/15/2022,,,
Triangular Bandage,45,Medical Equipment,11/9/2022,11/14/2022,,,
Triangular Bandage,30,Medical Equipment,12/21/2022,12/26/2022,,,
Triangular Bandage,40,Medical Equipment,1/12/2023,1/17/2023,,,
Triangular Bandage,35,Medical Equipment,1/6/2023,1/13/2023,,,
Triangular Bandage,50,Medical Equipment,2/7/2023,2/14/2023,,,
Triangular Bandage,30,Medical Equipment,2/1/2023,2/6/2023,,,
Triangular Bandage,45,Medical Equipment,2/20/2023,2/27/2023,,,
Triangular Bandage,35,Medical Equipment,3/29/2023,4/5/2023,,,
Triangular Bandage,40,Medical Equipment,4/21/2023,4/25/2023,,,
Triangular Bandage,30,Medical Equipment,4/24/2023,5/2/2023,,,
Triangular Bandage,25,Medical Equipment,7/3/2023,7/10/2023,,,
Triangular Bandage,35,Medical Equipment,8/1/2023,8/7/2023,,,
Triangular Bandage,30,Medical Equipment,9/1/2023,9/7/2023,,,
Triangular Bandage,45,Medical Equipment,10/2/2023,10/9/2023,,,
Triangular Bandage,20,Medical Equipment,11/7/2023,11/10/2023,,,
Triangular Bandage,25,Medical Equipment,12/4/2023,12/7/2023,,,
Triangular Bandage,40,Medical Equipment,1/2/2024,1/9/2024,,,
Triangular Bandage,25,Medical Equipment,2/16/2024,2/21/2024,,,
Triangular Bandage,30,Medical Equipment,3/27/2024,4/2/2024,,,
Triangular Bandage,20,Medical Equipment,4/26/2024,4/30/2024,,,
Triangular Bandage,40,Medical Equipment,5/29/2024,6/4/2024,,,
Triangular Bandage,35,Medical Equipment,6/28/2024,7/5/2024,,,
Triangular Bandage,45,Medical Equipment,7/29/2024,8/5/2024,,,
Triangular Bandage,20,Medical Equipment,8/29/2024,9/2/2024,,,
Triangular Bandage,30,Medical Equipment,9/27/2024,10/2/2024,,,
Triangular Bandage,25,Medical Equipment,10/31/2024,11/5/2024,,,
Triangular Bandage,30,Medical Equipment,11/4/2024,11/11/2024,,,
Triangular Bandage,50,Medical Equipment,11/29/2024,12/2/2024,,,
Triangular Bandage,40,Medical Equipment,12/9/2024,12/13/2024,,,
Transportetape,15,Medical Equipment,1/10/2022,1/15/2022,,,
Transportetape,20,Medical Equipment,2/7/2022,2/12/2022,,,
Transportetape,25,Medical Equipment,3/9/2022,3/14/2022,,,
Transportetape,18,Medical Equipment,4/5/2022,4/10/2022,,,
Transportetape,22,Medical Equipment,5/10/2022,5/15/2022,,,
Transportetape,25,Medical Equipment,6/8/2022,6/13/2022,,,
Transportetape,20,Medical Equipment,7/4/2022,7/9/2022,,,
Transportetape,28,Medical Equipment,7/28/2022,8/2/2022,,,
Transportetape,25,Medical Equipment,8/11/2022,8/17/2022,,,
Transportetape,15,Medical Equipment,9/6/2022,9/11/2022,,,
Transportetape,18,Medical Equipment,9/27/2022,10/2/2022,,,
Transportetape,20,Medical Equipment,10/13/2022,10/18/2022,,,
Transportetape,30,Medical Equipment,11/9/2022,11/14/2022,,,
Transportetape,25,Medical Equipment,12/5/2022,12/10/2022,,,
Transportetape,10,Medical Equipment,7/3/2023,7/10/2023,,,
Transportetape,15,Medical Equipment,8/14/2023,8/22/2023,,,
Transportetape,26,Medical Equipment,9/18/2023,9/21/2023,,,
Transportetape,18,Medical Equipment,10/18/2023,10/25/2023,,,
Transportetape,23,Medical Equipment,11/7/2023,11/10/2023,,,
Transportetape,25,Medical Equipment,11/28/2023,12/4/2023,,,
Transportetape,28,Medical Equipment,12/4/2023,12/7/2023,,,
Transportetape,24,Medical Equipment,12/29/2023,1/2/2024,,,
Transportetape,23,Medical Equipment,1/31/2024,2/5/2024,,,
Transportetape,25,Medical Equipment,2/29/2024,3/7/2024,,,
Transportetape,25,Medical Equipment,4/3/2024,4/8/2024,,,
Transportetape,20,Medical Equipment,5/6/2024,5/9/2024,,,
Transportetape,20,Medical Equipment,6/4/2024,6/11/2024,,,
Transportetape,25,Medical Equipment,6/28/2024,7/5/2024,,,
Transportetape,15,Medical Equipment,7/29/2024,8/5/2024,,,
Transportetape,20,Medical Equipment,8/14/2024,8/19/2024,,,
Transportetape,25,Medical Equipment,9/4/2024,9/9/2024,,,
Transportetape,25,Medical Equipment,10/1/2024,10/7/2024,,,
Transportetape,25,Medical Equipment,10/31/2024,11/5/2024,,,
Transportetape,16,Medical Equipment,11/4/2024,11/11/2024,,,
Transportetape,20,Medical Equipment,11/29/2024,12/2/2024,,,
Transportetape,25,Medical Equipment,12/20/2024,12/26/2024,,,
Transportetape,22,Medical Equipment,3/11/2024,3/16/2024,,,
Transportetape,28,Medical Equipment,1/18/2023,1/24/2023,,,
Transportetape,24,Medical Equipment,2/10/2023,2/15/2023,,,
Transportetape,18,Medical Equipment,3/20/2023,3/26/2023,,,
Transportetape,26,Medical Equipment,4/17/2023,4/23/2023,,,
Transportetape,30,Medical Equipment,5/25/2023,5/30/2023,,,
Transportetape,22,Medical Equipment,6/5/2023,6/10/2023,,,
Isoprophyl Alcohol,45,Medical Equipment,1/3/2022,1/10/2022,,,
Isoprophyl Alcohol,120,Medical Equipment,1/6/2022,1/12/2022,,,
Isoprophyl Alcohol,25,Medical Equipment,1/7/2022,1/12/2022,,,
Isoprophyl Alcohol,135,Medical Equipment,1/20/2022,1/26/2022,,,
Isoprophyl Alcohol,115,Medical Equipment,2/7/2022,2/14/2022,,,
Isoprophyl Alcohol,115,Medical Equipment,2/28/2022,3/4/2022,,,
Isoprophyl Alcohol,95,Medical Equipment,2/18/2022,2/23/2022,,,
Isoprophyl Alcohol,35,Medical Equipment,3/8/2022,3/14/2022,,,
Isoprophyl Alcohol,125,Medical Equipment,3/16/2022,3/22/2022,,,
Isoprophyl Alcohol,130,Medical Equipment,4/5/2022,4/8/2022,,,
Isoprophyl Alcohol,135,Medical Equipment,4/19/2022,4/25/2022,,,
Isoprophyl Alcohol,60,Medical Equipment,5/9/2022,5/16/2022,,,
Isoprophyl Alcohol,75,Medical Equipment,5/25/2022,5/30/2022,,,
Isoprophyl Alcohol,110,Medical Equipment,6/6/2022,6/12/2022,,,
Isoprophyl Alcohol,5,Medical Equipment,6/22/2022,6/27/2022,,,
Isoprophyl Alcohol,65,Medical Equipment,6/21/2022,6/24/2022,,,
Isoprophyl Alcohol,75,Medical Equipment,7/19/2022,7/25/2022,,,
Isoprophyl Alcohol,85,Medical Equipment,7/18/2022,7/25/2022,,,
Isoprophyl Alcohol,140,Medical Equipment,7/31/2022,8/6/2022,,,
Isoprophyl Alcohol,145,Medical Equipment,8/15/2022,8/22/2022,,,
Isoprophyl Alcohol,100,Medical Equipment,8/27/2022,9/1/2022,,,
Isoprophyl Alcohol,50,Medical Equipment,8/31/2022,9/5/2022,,,
Isoprophyl Alcohol,35,Medical Equipment,9/22/2022,9/26/2022,,,
Isoprophyl Alcohol,20,Medical Equipment,9/8/2022,9/12/2022,,,
Isoprophyl Alcohol,90,Medical Equipment,10/10/2022,10/15/2022,,,
Isoprophyl Alcohol,85,Medical Equipment,11/23/2022,11/28/2022,,,
Isoprophyl Alcohol,135,Medical Equipment,11/9/2022,11/15/2022,,,
Isoprophyl Alcohol,110,Medical Equipment,11/9/2022,11/14/2022,,,
Isoprophyl Alcohol,125,Medical Equipment,12/2/2022,12/8/2022,,,
Isoprophyl Alcohol,130,Medical Equipment,1/12/2023,1/17/2023,,,
Isoprophyl Alcohol,20,Medical Equipment,1/6/2023,1/13/2023,,,
Isoprophyl Alcohol,30,Medical Equipment,1/13/2023,1/19/2023,,,
Isoprophyl Alcohol,90,Medical Equipment,2/7/2023,2/14/2023,,,
Isoprophyl Alcohol,55,Medical Equipment,2/20/2023,2/27/2023,,,
Isoprophyl Alcohol,115,Medical Equipment,2/25/2023,3/3/2023,,,
Isoprophyl Alcohol,105,Medical Equipment,3/29/2023,4/5/2023,,,
Isoprophyl Alcohol,25,Medical Equipment,3/15/2023,3/20/2023,,,
Isoprophyl Alcohol,95,Medical Equipment,4/20/2023,4/26/2023,,,
Isoprophyl Alcohol,30,Medical Equipment,4/21/2023,4/25/2023,,,
Isoprophyl Alcohol,65,Medical Equipment,4/24/2023,5/2/2023,,,
Isoprophyl Alcohol,60,Medical Equipment,5/16/2023,5/22/2023,,,
Isoprophyl Alcohol,75,Medical Equipment,5/23/2023,5/26/2023,,,
Isoprophyl Alcohol,130,Medical Equipment,6/1/2023,6/7/2023,,,
Isoprophyl Alcohol,40,Medical Equipment,6/22/2023,6/28/2023,,,
Isoprophyl Alcohol,35,Medical Equipment,6/5/2023,6/8/2023,,,
Isoprophyl Alcohol,120,Medical Equipment,7/7/2023,7/14/2023,,,
Isoprophyl Alcohol,50,Medical Equipment,7/3/2023,7/10/2023,,,
Isoprophyl Alcohol,60,Medical Equipment,8/14/2023,8/22/2023,,,
Isoprophyl Alcohol,110,Medical Equipment,8/25/2023,8/31/2023,,,
Isoprophyl Alcohol,70,Medical Equipment,9/18/2023,9/21/2023,,,
Isoprophyl Alcohol,100,Medical Equipment,9/27/2023,10/3/2023,,,
Isoprophyl Alcohol,46,Medical Equipment,10/18/2023,10/25/2023,,,
Isoprophyl Alcohol,45,Medical Equipment,11/7/2023,11/10/2023,,,
Isoprophyl Alcohol,85,Medical Equipment,11/20/2023,11/26/2023,,,
Isoprophyl Alcohol,60,Medical Equipment,11/28/2023,12/4/2023,,,
Isoprophyl Alcohol,105,Medical Equipment,12/9/2023,12/16/2023,,,
Isoprophyl Alcohol,45,Medical Equipment,12/19/2023,12/26/2023,,,
Isoprophyl Alcohol,60,Medical Equipment,1/2/2024,1/9/2024,,,
Isoprophyl Alcohol,50,Medical Equipment,2/16/2024,2/21/2024,,,
Isoprophyl Alcohol,70,Medical Equipment,2/27/2024,3/4/2024,,,
Isoprophyl Alcohol,75,Medical Equipment,3/27/2024,4/2/2024,,,
Isoprophyl Alcohol,95,Medical Equipment,4/10/2024,4/16/2024,,,
Isoprophyl Alcohol,50,Medical Equipment,4/26/2024,4/30/2024,,,
Isoprophyl Alcohol,50,Medical Equipment,5/20/2024,5/27/2024,,,
Isoprophyl Alcohol,60,Medical Equipment,6/20/2024,6/24/2024,,,
Isoprophyl Alcohol,40,Medical Equipment,7/1/2024,7/8/2024,,,
Isoprophyl Alcohol,50,Medical Equipment,8/1/2024,8/8/2024,,,
Isoprophyl Alcohol,65,Medical Equipment,8/14/2024,8/18/2024,,,
Isoprophyl Alcohol,20,Medical Equipment,8/29/2024,9/2/2024,,,
Isoprophyl Alcohol,80,Medical Equipment,9/15/2024,9/20/2024,,,
Isoprophyl Alcohol,50,Medical Equipment,9/27/2024,10/2/2024,,,
Isoprophyl Alcohol,40,Medical Equipment,10/31/2024,11/5/2024,,,
Isoprophyl Alcohol,60,Medical Equipment,11/12/2024,11/18/2024,,,
Isoprophyl Alcohol,30,Medical Equipment,11/19/2024,11/26/2024,,,
Isoprophyl Alcohol,20,Medical Equipment,11/29/2024,12/2/2024,,,
Isoprophyl Alcohol,40,Medical Equipment,12/20/2024,12/26/2024,,,
Goggles,10,Rescue Equipment,1/12/2022,1/17/2022,,,
Goggles,15,Rescue Equipment,2/6/2022,2/11/2022,,,
Goggles,20,Rescue Equipment,3/8/2022,3/13/2022,,,
Goggles,25,Rescue Equipment,3/24/2022,3/29/2022,,,
Goggles,15,Rescue Equipment,4/7/2022,4/12/2022,,,
Goggles,18,Rescue Equipment,4/19/2022,4/25/2022,,,
Goggles,28,Rescue Equipment,5/9/2022,5/14/2022,,,
Goggles,12,Rescue Equipment,6/11/2022,6/16/2022,,,
Goggles,15,Rescue Equipment,7/5/2022,7/10/2022,,,
Goggles,20,Rescue Equipment,8/2/2022,8/7/2022,,,
Goggles,10,Rescue Equipment,9/6/2022,9/11/2022,,,
Goggles,12,Rescue Equipment,10/5/2022,10/10/2022,,,
Goggles,18,Rescue Equipment,11/9/2022,11/14/2022,,,
Goggles,14,Rescue Equipment,12/6/2022,12/11/2022,,,
Goggles,22,Rescue Equipment,1/9/2023,1/14/2023,,,
Goggles,10,Rescue Equipment,2/10/2023,2/15/2023,,,
Goggles,25,Rescue Equipment,3/6/2023,3/11/2023,,,
Goggles,28,Rescue Equipment,3/22/2023,3/28/2023,,,
Goggles,20,Rescue Equipment,4/5/2023,4/11/2023,,,
Goggles,30,Rescue Equipment,4/19/2023,4/25/2023,,,
Goggles,26,Rescue Equipment,5/6/2023,5/11/2023,,,
Goggles,18,Rescue Equipment,5/22/2023,5/27/2023,,,
Goggles,10,Rescue Equipment,6/10/2023,6/15/2023,,,
Goggles,15,Rescue Equipment,7/4/2023,7/9/2023,,,
Goggles,20,Rescue Equipment,8/9/2023,8/14/2023,,,
Goggles,25,Rescue Equipment,9/6/2023,9/11/2023,,,
Goggles,10,Rescue Equipment,10/7/2023,10/12/2023,,,
Goggles,14,Rescue Equipment,11/11/2023,11/16/2023,,,
Goggles,16,Rescue Equipment,12/2/2023,12/7/2023,,,
Goggles,18,Rescue Equipment,1/8/2024,1/13/2024,,,
Goggles,10,Rescue Equipment,2/9/2024,2/14/2024,,,
Goggles,24,Rescue Equipment,3/4/2024,3/9/2024,,,
Goggles,26,Rescue Equipment,3/22/2024,3/27/2024,,,
Goggles,30,Rescue Equipment,4/4/2024,4/10/2024,,,
Goggles,20,Rescue Equipment,4/20/2024,4/25/2024,,,
Goggles,25,Rescue Equipment,5/2/2024,5/7/2024,,,
Goggles,18,Rescue Equipment,5/18/2024,5/23/2024,,,
Goggles,10,Rescue Equipment,6/9/2024,6/14/2024,,,
Goggles,12,Rescue Equipment,7/5/2024,7/10/2024,,,
Goggles,15,Rescue Equipment,8/6/2024,8/11/2024,,,
Goggles,20,Rescue Equipment,9/9/2024,9/14/2024,,,
Goggles,14,Rescue Equipment,10/8/2024,10/13/2024,,,
Goggles,18,Rescue Equipment,11/6/2024,11/11/2024,,,
Goggles,5,Rescue Equipment,12/2/2024,12/9/2024,,,
Goggles,25,Rescue Equipment,12/18/2024,12/23/2024,,,
Utility Gloves,45,Rescue Equipment,1/4/2022,1/10/2022,,,
Utility Gloves,30,Rescue Equipment,1/3/2022,1/10/2022,,,
Utility Gloves,50,Rescue Equipment,1/7/2022,1/12/2022,,,
Utility Gloves,40,Rescue Equipment,2/28/2022,3/4/2022,,,
Utility Gloves,20,Rescue Equipment,2/1/2022,2/7/2022,,,
Utility Gloves,25,Rescue Equipment,2/17/2022,2/23/2022,,,
Utility Gloves,35,Rescue Equipment,3/23/2022,3/30/2022,,,
Utility Gloves,20,Rescue Equipment,3/8/2022,3/14/2022,,,
Utility Gloves,30,Rescue Equipment,4/12/2022,4/18/2022,,,
Utility Gloves,45,Rescue Equipment,4/5/2022,4/8/2022,,,
Utility Gloves,40,Rescue Equipment,5/25/2022,5/30/2022,,,
Utility Gloves,25,Rescue Equipment,6/22/2022,6/27/2022,,,
Utility Gloves,20,Rescue Equipment,6/21/2022,6/24/2022,,,
Utility Gloves,30,Rescue Equipment,6/30/2022,7/4/2022,,,
Utility Gloves,35,Rescue Equipment,7/12/2022,7/15/2022,,,
Utility Gloves,25,Rescue Equipment,7/19/2022,7/25/2022,,,
Utility Gloves,45,Rescue Equipment,7/18/2022,7/25/2022,,,
Utility Gloves,20,Rescue Equipment,8/10/2022,8/15/2022,,,
Utility Gloves,40,Rescue Equipment,8/31/2022,9/5/2022,,,
Utility Gloves,50,Rescue Equipment,9/22/2022,9/26/2022,,,
Utility Gloves,45,Rescue Equipment,9/6/2022,9/12/2022,,,
Utility Gloves,25,Rescue Equipment,10/25/2022,11/3/2022,,,
Utility Gloves,30,Rescue Equipment,11/23/2022,11/28/2022,,,
Utility Gloves,40,Rescue Equipment,11/9/2022,11/14/2022,,,
Utility Gloves,35,Rescue Equipment,1/12/2023,1/17/2023,,,
Utility Gloves,20,Rescue Equipment,1/6/2023,1/13/2023,,,
Utility Gloves,30,Rescue Equipment,1/13/2023,1/19/2023,,,
Utility Gloves,50,Rescue Equipment,3/29/2023,4/5/2023,,,
Utility Gloves,40,Rescue Equipment,4/20/2023,4/26/2023,,,
Utility Gloves,45,Rescue Equipment,4/21/2023,4/25/2023,,,
Utility Gloves,25,Rescue Equipment,4/24/2023,5/2/2023,,,
Utility Gloves,20,Rescue Equipment,5/16/2023,5/22/2023,,,
Utility Gloves,45,Rescue Equipment,11/29/2024,12/2/2024,,,
Hot & Cold Packs,15,Medical Equipment,1/12/2022,1/17/2022,,,
Hot & Cold Packs,20,Medical Equipment,2/10/2022,2/15/2022,,,
Hot & Cold Packs,25,Medical Equipment,3/8/2022,3/13/2022,,,
Hot & Cold Packs,12,Medical Equipment,4/7/2022,4/12/2022,,,
Hot & Cold Packs,18,Medical Equipment,5/9/2022,5/14/2022,,,
Hot & Cold Packs,14,Medical Equipment,6/4/2022,6/9/2022,,,
Hot & Cold Packs,20,Medical Equipment,7/6/2022,7/11/2022,,,
Hot & Cold Packs,22,Medical Equipment,8/3/2022,8/8/2022,,,
Hot & Cold Packs,10,Medical Equipment,9/10/2022,9/15/2022,,,
Hot & Cold Packs,15,Medical Equipment,10/9/2022,10/14/2022,,,
Hot & Cold Packs,28,Medical Equipment,11/11/2022,11/16/2022,,,
Hot & Cold Packs,20,Medical Equipment,12/4/2022,12/9/2022,,,
Hot & Cold Packs,25,Medical Equipment,1/11/2023,1/16/2023,,,
Hot & Cold Packs,18,Medical Equipment,2/13/2023,2/18/2023,,,
Hot & Cold Packs,20,Medical Equipment,3/10/2023,3/15/2023,,,
Hot & Cold Packs,30,Medical Equipment,4/6/2023,4/11/2023,,,
Hot & Cold Packs,12,Medical Equipment,5/5/2023,5/10/2023,,,
Hot & Cold Packs,15,Medical Equipment,6/8/2023,6/13/2023,,,
Hot & Cold Packs,26,Medical Equipment,8/1/2023,8/7/2023,,,
Hot & Cold Packs,25,Medical Equipment,9/7/2023,9/12/2023,,,
Hot & Cold Packs,14,Medical Equipment,11/14/2023,11/20/2023,,,
Hot & Cold Packs,15,Medical Equipment,12/19/2023,12/26/2023,,,
Hot & Cold Packs,22,Medical Equipment,1/9/2024,1/14/2024,,,
Hot & Cold Packs,18,Medical Equipment,2/5/2024,2/10/2024,,,
Hot & Cold Packs,20,Medical Equipment,3/7/2024,3/12/2024,,,
Hot & Cold Packs,25,Medical Equipment,4/8/2024,4/13/2024,,,
Hot & Cold Packs,10,Medical Equipment,5/6/2024,5/9/2024,,,
Hot & Cold Packs,12,Medical Equipment,6/3/2024,6/8/2024,,,
Hot & Cold Packs,20,Medical Equipment,7/5/2024,7/10/2024,,,
Hot & Cold Packs,10,Medical Equipment,8/14/2024,8/19/2024,,,
Hot & Cold Packs,18,Medical Equipment,9/9/2024,9/14/2024,,,
Hot & Cold Packs,22,Medical Equipment,10/11/2024,10/16/2024,,,
Hot & Cold Packs,25,Medical Equipment,11/26/2024,12/2/2024,,,
Hot & Cold Packs,20,Medical Equipment,12/20/2024,12/26/2024,,,
